Date,Close,High,Low,Open,Volume
,SPY,SPY,SPY,SPY,SPY
2010-01-04,85.02790832519531,85.07292259175688,83.66242023993004,84.3076514397459,118944600
2010-01-05,85.25303649902344,85.29055222638075,84.66782778646589,84.97544072332613,111579900
2010-01-06,85.31304168701172,85.52311597883121,85.10296739519221,85.17048882152199,116074400
2010-01-07,85.67318725585938,85.77822441908398,84.9154142433709,85.15550000561231,131091100
2010-01-08,85.95829010009766,85.99580582707975,85.27554851697471,85.44810712326122,126402800
2010-01-11,86.07833099365234,86.37843389620265,85.71069520706509,86.34092389543184,106375700
2010-01-12,85.27552795410156,85.68817223092032,84.94540795337065,85.5081093778375,163333500
2010-01-13,85.99581909179688,86.23590489886473,85.05798301354785,85.49313460354156,161822000
2010-01-14,86.2283935546875,86.38594931605485,85.84575486331153,85.89827345043398,115718800
2010-01-15,85.26055145263672,86.16087178084969,84.93043132771335,86.0783474737159,212283100
2010-01-19,86.32593536376953,86.3784539563221,85.22303919606836,85.24555207067426,139172700
2010-01-20,85.44808959960938,85.86823817998271,84.7653481565027,85.7406938929544,216490200
2010-01-21,83.80500030517578,85.7331903776325,83.69996315913497,85.47059751253045,344859600
2010-01-22,81.93683624267578,83.83501495718225,81.84680194656927,83.42986921084601,345942400
2010-01-25,82.35698699951172,82.83716420055792,82.08689555231055,82.68710703645112,186937500
2010-01-26,82.0118637084961,82.88217808378711,81.80929369305862,82.03437085197854,211168800
2010-01-27,82.40201568603516,82.58958286784399,81.27661259518221,81.90683557849373,271863600
2010-01-28,81.45665740966797,82.71710882066088,80.96148313611442,82.67209453872734,316104000
2010-01-29,80.57138061523438,82.37953149937192,80.44383626984065,81.80932550500893,310677600
2010-02-01,81.82430267333984,81.83180696309432,80.65388533186258,81.14156113217675,187865000
2010-02-02,82.81463623046875,82.97219193097676,81.68923346333055,81.9743391610927,216327900
2010-02-03,82.40201568603516,82.88969150355732,82.1619299222837,82.43952568793925,172730700
2010-02-04,79.85858154296875,81.80177422430384,79.84357296736853,81.76426423349214,356715700
2010-02-05,80.02367401123047,80.18872834116664,78.4631135128605,79.94864255096331,493585800
2010-02-08,79.44595336914062,80.52634214495352,79.38593049846303,80.08368062882617,224166900
2010-02-09,80.44380950927734,81.14155961691942,79.73105082240657,80.37628235093995,337820500
2010-02-10,80.2862548828125,80.72891066655419,79.61101191057477,80.31626631758928,240511500
2010-02-11,81.12654113769531,81.21657542979288,79.7160382394041,80.18120682909885,223591600
2010-02-12,81.05901336669922,81.10402764717689,79.91110342176108,80.27122911377185,304622100
2010-02-16,82.33450317382812,82.41703320643626,80.8939883350087,81.67426863706017,159317500
2010-02-17,82.72462463378906,82.83716607839648,82.33448172236277,82.73212319909274,168845100
2010-02-18,83.21228790283203,83.38484646440875,82.55955220150258,82.58956363049306,193708600
2010-02-19,83.38484954833984,83.70746526680063,82.79964097161911,82.99471240522436,222684900
2010-02-22,83.39987182617188,83.71498330784956,83.15228178024113,83.69247616260058,132346900
2010-02-23,82.38702392578125,83.42989721161919,82.16944526357155,83.1748085398475,207497000
2010-02-24,83.144775390625,83.27982398280419,82.42451814036792,82.63459245618093,176350700
2010-02-25,83.0322265625,83.09224942571002,81.73426505913126,81.9593422100259,259634700
2010-02-26,83.08474731445312,83.36985306012575,82.61208013349993,83.10725445772299,173589300
2010-03-01,83.94757843017578,84.0301084589114,83.40738395994157,83.42989110885185,147709700
2010-03-02,84.18016052246094,84.58530637796696,84.03010904594623,84.30771057400504,160992400
2010-03-03,84.2551498413086,84.75782833270519,84.04506986553203,84.39769695546799,150785000
2010-03-04,84.51028442382812,84.63033018969271,84.05261995863943,84.36773150788822,135770400
2010-03-05,85.71817779541016,85.78569921416066,84.8553678587775,85.05794356321799,176118800
2010-03-08,85.73321533203125,85.92078253657013,85.58316385803887,85.72571676519941,114631200
2010-03-09,85.87576293945312,86.27340447268001,85.4331071116259,85.47812140622624,154556700
2010-03-10,86.25843048095703,86.49101204635072,85.83828165983337,85.91330741730569,186088800
2010-03-11,86.61851501464844,86.6410278828206,85.79322062863417,86.05581351635294,160791100
2010-03-12,86.62604522705078,87.00868396314388,86.38595941156238,86.99367537987109,162074800
2010-03-15,86.64852142333984,86.70854428679357,85.98078280867922,86.47596284602952,146816800
2010-03-16,87.33877563476562,87.42129991947478,86.64852413166356,86.8886098688874,168673000
2010-03-17,87.85647583007812,88.14158163910601,87.34629281424039,87.60138718420762,177468100
2010-03-18,87.81143951416016,87.98399809036769,87.45881234874223,87.8639580883227,196509100
2010-03-19,87.36699676513672,88.36142987588762,87.02798195040147,87.36699676513672,226641100
2010-03-22,87.83405303955078,87.99226336139533,86.81702034975106,86.86975520780976,184477800
2010-03-23,88.45179748535156,88.52713216302739,87.67583363705481,87.96211345895743,182941600
2010-03-24,88.02239990234375,88.46688438351539,87.07317237896439,88.12034018086864,196072600
2010-03-25,87.87923431396484,89.02433623771269,87.77376462681703,88.61752212399958,223396300
2010-03-26,87.8265151977539,88.45933343396152,87.47997105683051,88.04498980244497,205808500
2010-03-29,88.38399505615234,88.54219960859103,87.90938139883625,88.27099016221965,134513500
2010-03-30,88.44425201416016,88.76819626341768,88.0751081130838,88.48945166597898,145772500
2010-03-31,88.14289855957031,88.53464224641749,87.84908935751838,88.10522835513649,161078700
2010-04-01,88.74561309814453,89.08462204576315,88.21825882136592,88.74561309814453,161215200
2010-04-05,89.46884155273438,89.52910585405411,88.83601753369727,89.08462717502142,105847600
2010-04-06,89.67980194091797,89.83800654574358,89.11478303182524,89.2127175735736,110384200
2010-04-07,89.16749572753906,89.92085408566449,88.75314633150282,89.49897524436805,184576300
2010-04-08,89.47637176513672,89.62704688889826,88.59494384488771,88.85861812688508,158704000
2010-04-09,90.06399536132812,90.1016598311974,89.49897658427506,89.66471059750265,133006500
2010-04-12,90.20710754394531,90.44065248991947,90.07150284061629,90.17697252679811,110279000
2010-04-13,90.2749252319336,90.43312978304652,89.649636472058,90.11672068082066,125043600
2010-04-14,91.29949188232422,91.29949188232422,90.46326373088768,90.60639789581465,161609000
2010-04-15,91.37486267089844,91.58580215323951,91.11871776543438,91.14885279829309,144615300
2010-04-16,89.92086029052734,91.37484225194613,89.46131120054685,91.05089790569215,366786700
2010-04-19,90.25987243652344,90.3502775180629,89.25037489050884,89.65718913593328,217947800
2010-04-20,91.06595611572266,91.14129654954948,90.30506831355122,90.82488167141393,157708000
2010-04-21,90.90022277832031,91.32963681503948,90.39546830721645,91.11869164549778,192910100
2010-04-22,91.17144012451172,91.28444504530665,89.74006362000586,90.25987705939215,115360300
2010-04-23,91.7665786743164,91.80424889084262,90.87761559237772,91.1111605890377,177335500
2010-04-26,91.42001342773438,92.00010244143802,91.32961412520054,91.79669251540338,143457300
2010-04-27,89.25790405273438,91.41250374764414,89.08462909507644,90.892690370007,355853300
2010-04-28,89.93592071533203,90.16193052684152,89.0996924594825,89.68731681987352,300674100
2010-04-29,91.05089569091797,91.23923528886417,90.45574187168782,90.47834170381442,193775000
2010-04-30,89.5064926147461,91.16388422763235,89.48389278667807,91.06594397578107,270000900
2010-05-03,90.66671752929688,90.91532727736279,89.80035388303938,89.93595867765073,182747900
2010-05-04,88.53466033935547,89.67223292326987,88.08264653210713,89.65716828701747,360353400
2010-05-05,88.00732421875,88.74561794751585,87.36697075621927,87.81144943394791,328973200
2010-05-06,85.08428192138672,88.14291455294477,79.10261562443762,87.58543106170033,647356600
2010-05-07,83.81867980957031,85.70960576546469,82.42496754304811,84.8583126129267,637558800
2010-05-10,87.51008605957031,87.8792299462407,86.56838836564931,87.24640610713915,396159600
2010-05-11,87.2614974975586,88.4141348327942,86.5684092074084,86.68894355246289,317849800
2010-05-12,88.48193359375,88.61000887812729,87.4573658047392,87.60804091939839,235607100
2010-05-13,87.3820571899414,88.6552349872162,87.30672248397117,88.2408854828754,234452500
2010-05-14,85.79998016357422,86.8848180033344,85.03155719218938,86.72661344298069,345601400
2010-05-17,85.8451919555664,86.27460603654286,84.20287032614142,86.0335315656029,325739800
2010-05-18,84.67747497558594,86.80194517441114,84.39873033244298,86.54580036088318,360556800
2010-05-19,84.1953353881836,84.95622322477847,83.14063249124143,84.20286483377241,394742700
2010-05-20,81.01615905761719,82.78655006137124,80.96342420210684,82.40233568684256,530418300
2010-05-21,82.19889831542969,82.40230246248106,79.37380559286932,79.78815482457784,500909400
2010-05-24,81.14424133300781,82.40988381152829,81.06890663440986,81.75445986362104,269823000
2010-05-25,81.22709655761719,81.26476677394815,78.63554201061827,79.18549613164278,396505200
2010-05-26,80.73743438720703,82.47016135048398,80.49635988122385,81.7243379956719,349719300
2010-05-27,83.44200134277344,83.47213637692629,81.95034876439284,82.25922855370698,300870500
2010-05-28,82.3947982788086,83.41183082117436,82.00304874916093,83.35156077851046,297933500
2010-06-01,81.00862121582031,82.83174701547217,80.88808687045281,81.62637482345723,277909400
2010-06-02,83.1180191040039,83.1255485483648,80.99354901773849,81.42296300067508,240243700
2010-06-03,83.4043197631836,83.6679940915516,82.55302671797563,83.3591200919403,226618300
2010-06-04,80.47376251220703,82.3646941391796,80.20255296620023,81.82227504716597,398475600
2010-06-07,79.47176361083984,81.06888523888533,79.41149931646775,80.76000558418278,264609100
2010-06-08,80.32305145263672,80.48125598117342,78.83893491412569,79.53202306228647,357774300
2010-06-09,79.89363098144531,81.5736163715377,79.55461637860628,80.79012323646485,268023300
2010-06-10,82.22906494140625,82.32699945761398,79.8861200162449,81.25723198149355,317890600
2010-06-11,82.62835693359375,82.68109179640452,81.45311956371442,81.50585442652519,214128200
2010-06-14,82.50029754638672,83.7132052882625,82.41742764494155,83.2611855539545,207196100
2010-06-15,84.37614440917969,84.45147910286843,82.9372270447493,83.08036698612601,238268700
2010-06-16,84.34600830078125,84.69255248544142,83.7734542902838,83.93919406287532,216374000
2010-06-17,84.48160552978516,84.62474545659045,83.66044768113365,84.58707523974648,263185800
2010-06-18,84.57318115234375,84.87595350758244,84.30068141261894,84.64887424115342,174006600
2010-06-21,84.33099365234375,85.68591607841618,83.86168707333115,85.62536504807167,213140700
2010-06-22,82.93819427490234,84.70187178757118,82.81708647092793,84.33097155819458,239355400
2010-06-23,82.68085479736328,83.28640550066989,82.11314776456764,82.99119830561732,254639900
2010-06-24,81.31075286865234,82.37804444627233,81.09880991636216,82.27207297012724,268523600
2010-06-25,81.65139770507812,82.06771265663012,80.81875625194704,81.55299147424616,238726500
2010-06-28,81.39403533935547,81.99202067522934,81.09882819285001,81.77250663231258,169218600
2010-06-29,78.88098907470703,81.37890200973357,78.38140995271003,80.25105335739595,373649500
2010-06-30,78.13162231445312,79.38814412745184,77.87425880696257,78.66147986661869,284101700
2010-07-01,77.78343200683594,78.33599693344074,76.54961173301993,78.0786391922855,382924800
2010-07-02,77.35955047607422,78.28302159967565,76.92052804888294,78.04837118384796,233385200
2010-07-06,77.86669158935547,79.00210555130283,77.11731421646009,78.44953488214894,256935300
2010-07-07,80.31914520263672,80.41754561930964,77.98019057161687,78.06345468380597,253769400
2010-07-08,81.11396789550781,81.2047973071403,80.16778969091303,80.99285431331322,210842100
2010-07-09,81.71951293945312,81.72708398158021,80.93986307574284,81.09124926820604,144999900
2010-07-12,81.77251434326172,81.93147160829136,81.10640688384979,81.44702876962556,131283600
2010-07-13,83.00633239746094,83.33181218756152,82.45376173109838,82.62029003534502,213025900
2010-07-14,82.99874877929688,83.32423429509855,82.40076349328852,82.74138531854028,184426800
2010-07-15,83.021484375,83.30912055251098,81.8784991597332,82.96849861137916,232337900
2010-07-16,80.73553466796875,82.66573565012482,80.57657157265851,82.57490042066412,282693400
2010-07-19,81.21236419677734,81.46972188326002,80.40243592606252,81.0306996077888,186709000
2010-07-20,82.1131362915039,82.17368731086401,80.09966619117573,80.13751563141284,258162400
2010-07-21,81.04586029052734,82.5597457957394,80.71280363137592,82.5370384371636,264527000
2010-07-22,82.85494995117188,83.2182850000278,81.99960675128152,82.00717202051781,274781300
2010-07-23,83.57402038574219,83.69512817721251,82.453742995825,82.68839331211998,222020800
2010-07-26,84.44451904296875,84.52778319534283,83.48320443148715,83.71785480180645,184445700
2010-07-27,84.43696594238281,84.99710195951543,84.10390928489132,84.90626675065006,204855600
2010-07-28,83.89193725585938,84.52020090633941,83.61186645654574,84.26283745764337,163056200
2010-07-29,83.48316955566406,84.64129038667058,82.81706238995754,84.41420537960546,220149100
2010-07-30,83.46805572509766,83.91465485014155,82.49160487926638,82.63542004240459,220070600
2010-08-02,85.35287475585938,85.48912469566626,84.42940358328114,84.77002554529061,188263200
2010-08-03,84.94409942626953,85.36041439091953,84.6640285854945,85.14090611911182,146657300
2010-08-04,85.51179504394531,85.61776653181408,84.89867346770272,85.17873849635035,158171700
2010-08-05,85.42097473144531,85.46639521630317,84.8381314467309,84.96681030796455,140473800
2010-08-06,85.07276916503906,85.20901904932606,83.9600627391974,84.5807553731686,239728300
2010-08-09,85.52696990966797,85.67079089733193,85.01981959266374,85.47398414184686,120800400
2010-08-10,85.06519317626953,85.51936328082472,84.30068543529468,84.80026446528751,242916300
2010-08-11,82.73381805419922,83.78596767348299,82.59756817238484,83.75568928030057,273406900
2010-08-12,82.22666931152344,82.52187645186339,81.44701938831724,81.4848688268279,239542600
2010-08-13,81.9844741821289,82.47648816530655,81.88607369549953,81.96933786688415,158698500
2010-08-16,81.94660186767578,82.21153060448667,81.12910252979077,81.4243096615248,147895300
2010-08-17,82.95333862304688,83.558895026638,82.41591005799134,82.65056619626517,172270300
2010-08-18,83.10474395751953,83.55133740125217,82.43863642660797,82.91550827288405,182922100
2010-08-19,81.65898132324219,82.87765960576264,81.31835939769925,82.67328760543985,265847600
2010-08-20,81.39403533935547,81.70438457158684,80.80362104634455,81.41674269293071,209714200
2010-08-23,81.08372497558594,82.18128986311541,81.04587552083693,81.78011105284624,163490300
2010-08-24,79.8801498413086,80.53112092453745,79.45626384293206,80.19806434009098,280677800
2010-08-25,80.19052124023438,80.49329373705147,78.94156447831064,79.441143718071,272234800
2010-08-26,79.65308380126953,80.67495530331647,79.38814923313384,80.56898378606802,224439500
2010-08-27,80.88690185546875,80.97016601907279,78.9566955537602,80.15266647187754,272649000
2010-08-30,79.71363067626953,80.92474356746922,79.70606540758487,80.67495110053322,167238600
2010-08-31,79.71363067626953,80.22078665384046,79.0929379182861,79.41842349716852,273933100
2010-09-01,82.0979995727539,82.21154212587459,80.73550626034805,80.78849201513582,256828100
2010-09-02,82.86251068115234,82.87764699275553,82.12070436228919,82.2948037083026,156112200
2010-09-03,83.93736267089844,84.01305577428953,83.22583479399223,83.67243392152281,212197300
2010-09-07,82.99120330810547,83.64974558484883,82.92308123207077,83.54377406100713,141973700
2010-09-08,83.57402038574219,83.9070711435451,83.11985028644354,83.15769971972266,149924400
2010-09-09,83.96007537841797,84.53535339589935,83.7329960537642,84.51264604093537,147017900
2010-09-10,84.38396453857422,84.48236499867657,83.92222908537724,84.1114647375067,127819000
2010-09-13,85.32256317138672,85.49665671982163,84.87596407428867,85.21659167885767,178503500
2010-09-14,85.26958465576172,85.75402745554922,84.83812760673179,85.15604211127727,209823600
2010-09-15,85.5950698852539,85.69347034343417,84.76243418715109,85.0197918970135,168608400
2010-09-16,85.57234191894531,85.62532765674293,85.04247876595687,85.33012057829731,199962900
2010-09-17,85.60432434082031,86.10658381837638,85.36841775308208,86.02287390545037,195836900
2010-09-20,86.91324615478516,87.10349492208114,85.6271626299662,85.90112131934694,214555200
2010-09-21,86.73820495605469,87.39265525651155,86.38053640885101,86.98172310220369,268389100
2010-09-22,86.31204986572266,87.0882680022876,86.06853170258935,86.601231676021,191322400
2010-09-23,85.6119384765625,86.50230124329528,85.36842030602197,85.60432690081497,202354300
2010-09-24,87.37741088867188,87.43829185786271,86.48704848648894,86.56314679501308,209671800
2010-09-27,86.95893096923828,87.50684851792309,86.87522682712633,87.40792121838466,128761800
2010-09-28,87.26329040527344,87.54486062975506,86.12940954397097,87.0730416658501,209207500
2010-09-29,87.11109924316406,87.44593890361514,86.76864800699425,87.04260667355766,179665800
2010-09-30,86.85237884521484,88.11563364601744,86.44144074637302,87.55249883172272,287106700
2010-10-01,87.21764373779297,87.60575284159175,86.70016686803841,87.50681976862316,174638700
2010-10-04,86.56317138671875,87.40026463015148,86.12940451838075,87.0349903230934,166153200
2010-10-05,88.30584716796875,88.51892480685818,87.26328208519666,87.36221513605976,229634100
2010-10-06,88.2982406616211,88.52654146263824,87.94057211612848,88.29062908667237,148626600
2010-10-07,88.19171142578125,88.67874776870829,87.6590172400583,88.65591884731033,164860000
2010-10-08,88.68634033203125,88.9298584512897,87.97861489075984,88.31345448196393,177760100
2010-10-11,88.77005767822266,89.01357581791387,88.46565855212603,88.82332708984478,103098300
2010-10-12,89.04405212402344,89.30278771141246,88.00909816260177,88.48091148217773,182210000
2010-10-13,89.73654174804688,90.21597238191595,89.32560369298707,89.53868720022439,194347200
2010-10-14,89.38644409179688,89.80499353347456,88.82330959329994,89.65279109744209,217764300
2010-10-15,89.5691146850586,90.06376262665975,88.8537832891074,90.01049320562156,243705000
2010-10-18,90.01049041748047,90.30727801206166,89.27232431600832,89.59955240823005,141204800
2010-10-19,88.8309326171875,89.68324314511787,88.2906211570359,89.18098955629176,280604700
2010-10-20,89.69847869873047,90.13224559694967,88.93748373301744,88.99075314838012,200051800
2010-10-21,89.89632415771484,90.62687855452675,89.19621025317804,90.10179602908927,221585500
2010-10-22,90.06376647949219,90.20074582601185,89.79741936290719,90.03332597960652,108212400
2010-10-25,90.3301010131836,91.13675963295788,90.26161425242975,90.66494065935144,151145700
2010-10-26,90.3453140258789,90.43662969663706,89.69846953231098,89.8734951052176,158982900
2010-10-27,90.08659362792969,90.18552670209175,89.23428287165095,89.71370767205774,190024000
2010-10-28,90.10179901123047,90.64210470365337,89.66803214233148,90.60405263556748,168576000
2010-10-29,90.17030334472656,90.3453347637401,89.85068681184781,90.01049507828718,144305500
2010-11-01,90.20075225830078,91.12916725025883,89.68327533520609,90.61169032716413,174074800
2010-11-02,90.91607666015625,91.12915433842862,90.63450641047845,90.8780245864942,158345900
2010-11-03,91.28135681152344,91.3346262344706,90.13986420042845,91.07589069613627,226702800
2010-11-04,93.03925323486328,93.08491107839299,91.2965739336605,92.29347555693421,215039400
2010-11-05,93.38931274414062,93.54150943059334,92.9783747236006,93.10013091157649,180654100
2010-11-08,93.21428680419922,93.36648930552276,92.79574298890594,93.1001363796895,156107100
2010-11-09,92.54460906982422,93.56433965631128,92.17172311866882,93.4654123893321,186621600
2010-11-10,92.91743469238281,92.96309831405179,91.82160647309885,92.52172007546066,221387400
2010-11-11,92.56744384765625,92.70442319840869,91.83688924562058,92.11845952381499,158017600
2010-11-12,91.47161865234375,92.34676427377089,91.05307478535337,91.94343775582657,239068800
2010-11-15,91.34224700927734,92.1184653143109,91.3042007353018,91.76079666453388,163940800
2010-11-16,89.91918182373047,90.93130087194557,89.48540905258321,90.77910417766816,299566200
2010-11-17,89.96482849121094,90.33771441000559,89.6908698308101,89.95721691566342,172308900
2010-11-18,91.28895568847656,91.61618375703951,90.82474829340053,90.83235986874315,197723700
2010-11-19,91.5400619506836,91.57810820578005,90.74862668996732,91.24327445365617,156852900
2010-11-22,91.46397399902344,91.5020202584312,90.38335688628865,91.0834765693657,181361000
2010-11-23,90.13984680175781,90.57361367801155,89.789789831968,90.38336494621727,222309000
2010-11-24,91.47161865234375,91.49445338481158,90.69540612047975,90.71062346952581,140046100
2010-11-26,90.40620422363281,91.17480495851643,90.40620422363281,90.68016287568686,76007800
2010-11-29,90.68016815185547,90.9236863227468,89.59955082546466,90.1779086585558,223642300
2010-11-30,90.17030334472656,90.68778021954854,89.65282646990458,89.78220004305875,233930700
2010-12-01,92.0879898071289,92.26301537393665,91.4639742529947,91.47158002133936,221037200
2010-12-02,93.26756286621094,93.33605544816423,92.17933957950665,92.23260900727823,191213600
2010-12-03,93.51866149902344,93.62520031907086,92.9250864142077,92.94791533194211,151288900
2010-12-06,93.41973876953125,93.63281641992648,93.22187846305117,93.32080571332594,103050500
2010-12-07,93.47300720214844,94.3709814379214,93.4197377901081,94.31771202588106,206581000
2010-12-08,93.81544494628906,93.89154327072542,93.15338313716978,93.58714997298,138019200
2010-12-09,94.18072509765625,94.37857958014294,93.71651777056131,94.34053332086319,123705100
2010-12-10,94.72862243652344,94.81993808436839,94.15787641377732,94.46988122046223,117571700
2010-12-13,94.78955841064453,95.27659486469808,94.75911790652462,95.16245023166405,133812700
2010-12-14,94.87323760986328,95.29939872354815,94.58406162330584,94.93411859837978,147249600
2010-12-15,94.43946075439453,95.07108788021043,94.27965253086221,94.69820202530165,160823100
2010-12-16,94.98736572265625,95.0558582701479,94.17310156159319,94.50032954067063,185035200
2010-12-17,95.08914184570312,95.21153834671718,94.72194066973158,94.92084154990219,141075300
2010-12-20,95.31866455078125,95.54816608051564,94.84436994948082,95.3492651438436,119085500
2010-12-21,95.9229965209961,95.98419769652274,95.52520055300356,95.6169964798282,94965500
2010-12-22,96.22132873535156,96.25192931795631,95.93828356007022,95.99183312051245,78878100
2010-12-23,96.08360290527344,96.22130257132002,95.84645575015095,96.11420347955743,70053700
2010-12-27,96.12188720703125,96.21368312409948,95.65523850705208,95.72408544485324,58126000
2010-12-28,96.25958251953125,96.35137843240392,96.00713208620252,96.31313208086179,55309100
2010-12-29,96.32842254638672,96.54262077634851,96.31312517415974,96.37432633599569,58033100
2010-12-30,96.17544555664062,96.48909136271712,96.0300942260515,96.23664673125344,76616900
2010-12-31,96.19839477539062,96.29019653753639,95.87709736257837,96.0300944630227,91218900
2011-01-03,97.19288635253906,97.6136312663223,96.16013557219651,96.93278429698621,138725200
2011-01-04,97.13934326171875,97.43769169124612,96.53499479675006,97.40709110405547,137409700
2011-01-05,97.64422607421875,97.70542724090011,96.74152929329432,96.83333104331636,133975300
2011-01-06,97.45298767089844,97.78958828870968,97.16229085144838,97.68248915330885,122519000
2011-01-07,97.26177978515625,97.74372609962336,96.50443390914576,97.58307732813432,156034600
2011-01-10,97.13934326171875,97.27704298584409,96.5426405661988,96.83334322627742,122401700
2011-01-11,97.48359680175781,97.72074407429263,97.11639556501024,97.49124840823283,110287000
2011-01-12,98.36331939697266,98.47041851412358,97.50652062330109,98.08027423155842,107929200
2011-01-13,98.20267486572266,98.44747954290766,97.95788186146713,98.40158158416784,129048400
2011-01-14,98.91413879394531,98.93708777576268,97.99614450245852,98.06499144791061,117677900
2011-01-18,99.08242797851562,99.17422389547293,98.70757519605762,98.82232009225424,114401300
2011-01-19,98.11087036132812,99.0977114066518,97.85077416928046,98.99826972906207,151958400
2011-01-20,97.9808349609375,98.22562797548657,97.25408417703026,97.88903320313285,175745700
2011-01-21,98.20267486572266,98.81467488575568,98.09557573768659,98.59283086087007,151462900
2011-01-24,98.76113891601562,98.87588382187852,98.11853242439217,98.14148140556475,113715500
2011-01-25,98.8146743774414,98.89882452567468,98.00377931606401,98.50102276376013,167552200
2011-01-26,99.1971664428711,99.48786905829292,98.86056587194659,99.05947257636308,141281500
2011-01-27,99.44194793701172,99.61024818326712,99.04414629377844,99.22009230652691,123302700
2011-01-28,97.70543670654297,99.71738294174143,97.54478800578921,99.5567284045226,295637300
2011-01-31,98.4398193359375,98.51632371364114,97.72837764959614,97.97318231990445,149249200
2011-02-01,100.01573181152344,100.19167788798697,98.97533521833573,99.0365363912209,167194300
2011-02-02,99.8244857788086,100.09222778686569,99.7020834290468,99.75562716148599,118323600
2011-02-03,100.04633331298828,100.19933041906094,99.12069323384357,99.6485314988546,145886700
2011-02-04,100.32939147949219,100.36764367917539,99.62559536246467,100.08459841279814,134634800
2011-02-07,100.9566879272461,101.28563114144862,100.5435828757689,100.55124031893841,112439100
2011-02-08,101.41567993164062,101.46922366335373,100.77307344057068,101.04847288733484,99072800
2011-02-09,101.18618774414062,101.4615872162084,100.68128676652779,101.14028977761791,146436700
2011-02-10,101.22440338134766,101.33914825621206,100.44410321348796,100.67360463614402,162708500
2011-02-11,101.82875061035156,101.95879869892772,100.8036574371551,100.8266064132022,137710300
2011-02-14,102.0735855102539,102.15773568130415,101.65284632793525,101.76759125530714,101690700
2011-02-15,101.75225830078125,101.91291282507878,101.22442011621321,101.759915742323,119575400
2011-02-16,102.39488220214844,102.51727288548561,101.88998123723992,102.09653375432634,130183500
2011-02-17,102.70087432861328,102.83856822191295,102.00472407356023,102.09653167535761,109810500
2011-02-18,102.9150390625,103.03744137637457,102.55548956107289,102.79263674862543,130002400
2011-02-22,100.84955596923828,102.93799451202966,100.57415658216145,101.83639696372234,233116400
2011-02-23,100.22992706298828,101.0331763826475,99.6102812564577,100.788371698476,227584000
2011-02-24,100.16111755371094,100.5512737512661,99.22017389260746,100.12287701687542,260431400
2011-02-25,101.23207092285156,101.2932720935855,100.52061752688294,100.5818186976169,141686900
2011-02-28,101.85936737060547,101.98942716022134,101.27032796084096,101.60692857952371,141585500
2011-03-01,100.16111755371094,102.27251813454433,100.13052278965542,102.1807221694422,258565500
2011-03-02,100.37527465820312,100.84192335626496,99.71737668508202,100.02337085600512,200277400
2011-03-03,102.10415649414062,102.21890138167892,101.27795828507924,101.28560405327228,176480100
2011-03-04,101.33914184570312,102.2265410649436,100.67359826773603,102.0276343971914,277202300
2011-03-07,100.5435562133789,101.86700950826521,100.01571805658074,101.63750805974117,216790400
2011-03-08,101.42330932617188,101.74460668336793,100.26816799390068,100.70421023833515,174615000
2011-03-09,101.2779541015625,101.59160567844916,100.67361159727696,101.22441038056589,153806000
2011-03-10,99.4037094116211,100.35229819579202,99.30425606892155,100.21460434244884,301291800
2011-03-11,100.09221649169922,100.45176605796863,99.05947742356878,99.08242640244306,225621800
2011-03-14,99.48787689208984,99.81682004771284,98.73052554787496,99.44197893297311,234974100
2011-03-15,98.34803009033203,98.93708115439384,96.77213785537573,96.84098479622024,359585400
2011-03-16,96.52734375,98.35569236732529,95.83884512538496,98.0343832817295,468670300
2011-03-17,97.80487823486328,98.21797736994506,97.2311304088827,97.91962896735234,254303700
2011-03-18,98.16059875488281,99.02111956243866,97.96851868852093,98.9903801865841,230435400
2011-03-21,99.68191528320312,99.8893533967282,99.26701560886987,99.38227072891424,153992600
2011-03-22,99.33614349365234,99.79714044230242,99.2439487933781,99.66652737570077,129538600
2011-03-23,99.62039947509766,99.88162552819111,98.59085322563352,99.05951729072926,148603100
2011-03-24,100.5731201171875,100.71910284639391,99.6280894539528,100.18895997659682,159129800
2011-03-25,100.88045501708984,101.31839148000074,100.56544088890308,100.83435767611364,155642800
2011-03-28,100.63459777832031,101.35682079471385,100.60387012222708,101.09559468518718,109762400
2011-03-29,101.31073760986328,101.34146527025159,100.21972394965849,100.55009612430277,129798800
2011-03-30,102.00990295410156,102.30954744163621,101.69488877592337,101.84087152793956,135835000
2011-03-31,101.87161254882812,102.15589910665012,101.7640481474913,101.8793032569782,132537100
2011-04-01,102.30183410644531,102.77820062191614,102.05597772872429,102.50160486970726,153850100
2011-04-04,102.38636779785156,102.70138196172385,102.09441403071678,102.51698085329262,100768900
2011-04-05,102.37102508544922,102.82433135546151,102.1405265964741,102.1866239495411,120791500
2011-04-06,102.6937255859375,102.95495175432687,102.27882593153932,102.86275704163438,120411600
2011-04-07,102.43248748779297,102.9395700721855,101.92539317976082,102.509312498209,170731500
2011-04-08,102.07906341552734,102.94726934329012,101.65648479034898,102.88580229566048,147945400
2011-04-11,101.77173614501953,102.5323659186281,101.52586796357502,102.18662404665692,121385400
2011-04-12,101.01112365722656,101.40296299484116,100.64233300278673,101.20320383277866,161187400
2011-04-13,101.00338745117188,101.55656725762734,100.61922731769867,101.47974226511482,162059000
2011-04-14,101.08020782470703,101.23386952634718,100.08907988403716,100.41945195638166,161220400
2011-04-15,101.44902038574219,101.70256752439927,100.96498650615949,101.26463099300169,170006700
2011-04-18,100.3119125366211,101.44134449615923,99.50517374785966,100.33496121141663,210759300
2011-04-19,100.88814544677734,100.91888482667407,100.21971047950358,100.46556690048537,124258800
2011-04-20,102.26346588134766,102.48627367370192,102.02527667233626,102.09443442908963,156133800
2011-04-21,102.78590393066406,102.83200127966961,102.26345167708232,102.79358291428528,135935400
2011-04-25,102.67833709716797,102.84736852192337,102.34027424765715,102.70906475456039,65757100
2011-04-26,103.56192016601562,103.76936999390993,102.88580606460323,102.99337047098527,146600000
2011-04-27,104.23802947998047,104.39169121852353,103.33909599968239,103.7616745734052,143031000
2011-04-28,104.57608032226562,104.7143723539717,104.03825843734566,104.0536164028878,124791100
2011-04-29,104.82193756103516,104.92951366250885,104.47619575539426,104.61449951183336,115094100
2011-05-02,104.66057586669922,105.3981566743282,104.45312613546301,105.3136527092109,126278700
2011-05-03,104.28414916992188,104.63758179556187,103.7540060932827,104.4608713445627,138375000
2011-05-04,103.59266662597656,104.28415046798335,103.13166958221083,104.23805310833514,182678500
2011-05-05,102.65531158447266,103.68485833216991,102.20200526291602,103.0164231894121,226900000
2011-05-06,103.10855865478516,104.20726253221756,102.70902890629748,103.67711976903165,222787200
2011-05-09,103.5081558227539,103.80780039838285,102.93959433817793,103.10094682827462,114104500
2011-05-10,104.39173126220703,104.57613245337677,103.72329599513766,103.85390910918319,114806900
2011-05-11,103.29300689697266,104.25340749409024,102.81665195236717,104.23803780191713,193564200
2011-05-12,103.78471374511719,103.99984250410739,102.48625048458759,103.01639339911274,171550700
2011-05-13,102.9856185913086,103.98443704223222,102.616828234715,103.8384543509297,157444900
2011-05-16,102.33259582519531,103.42360938500904,102.1635643995133,102.61687062127922,141675400
2011-05-17,102.31717681884766,102.45548052030796,101.51043844395679,101.9483864876756,192686200
2011-05-18,103.23152923583984,103.33909362270975,102.1481946600251,102.37101414088062,135217900
2011-05-19,103.47737884521484,103.74629565648029,102.9088292908017,103.56958525905226,119489500
2011-05-20,102.65531158447266,103.47740849613967,102.4632314424258,103.20850333145896,182594900
2011-05-23,101.46439361572266,101.97148791072574,101.1032820774907,101.40292657478538,168700000
2011-05-24,101.37989044189453,101.9791795106237,101.18781031156746,101.75637171784625,147199600
2011-05-25,101.71793365478516,102.14051220442299,100.94193429900551,100.97266195550714,151050100
2011-05-26,102.18663024902344,102.3710313962993,101.24927826674262,101.44135839878966,164850000
2011-05-27,102.57848358154297,102.85507947861194,102.15591661193527,102.47091916177405,120921900
2011-05-31,103.6463851928711,103.6617548787332,102.8319676967086,103.5465115438556,164731200
2011-06-01,101.31839752197266,103.66177685831535,101.23388181726398,103.3467627113432,233094300
2011-06-02,101.21082305908203,101.60267388897076,100.61922490871567,101.38754515726724,200466800
2011-06-03,100.204345703125,100.97266610728052,99.94311957938548,99.9968959113841,234690200
2011-06-06,99.14404296875,100.15823135747083,99.01342992904571,99.95078160093483,179951200
2011-06-07,99.08261108398438,99.93544725839986,98.99809536494718,99.65116071783486,161660500
2011-06-08,98.66771697998047,99.25932704626159,98.48331583988701,98.92894313571588,198696400
2011-06-09,99.420654296875,99.82786316781507,98.69844297435176,98.9366204207161,160964400
2011-06-10,98.03767395019531,99.05953554468783,97.77644784896506,98.99808023445317,238629400
2011-06-13,98.11453247070312,98.52943213539669,97.6151287997052,98.26051525184933,207599800
2011-06-14,99.35920715332031,99.70494901433537,98.97504692471695,99.01345356866545,160570400
2011-06-15,97.59204864501953,99.34382397353914,97.33082253870975,98.52940627525676,300958000
2011-06-16,97.80718994140625,98.32196320613103,97.05423336499636,97.62278882362047,308032800
2011-06-17,98.09906005859375,98.78625487543816,97.7670441219592,98.77853193061944,233284900
2011-06-20,98.60093688964844,98.80941515797328,97.736155601429,97.76704148899123,159479000
2011-06-21,99.95216369628906,100.14519607568775,98.63954587273027,99.11054534973353,193157300
2011-06-22,99.34991455078125,100.23014182645747,99.28814276876292,99.64332756992756,176703000
2011-06-23,99.06421661376953,99.32673781457649,97.4350229072446,98.18398946030531,334286500
2011-06-24,97.91374206542969,99.1182622256345,97.76704146314879,99.04105634307041,226129300
2011-06-27,98.7862548828125,99.16459081574502,97.78248412801517,97.97551651233152,168904700
2011-06-28,100.07569885253906,100.09114474048859,99.04104821336965,99.180025859634,165556300
2011-06-29,100.93276977539062,101.09491037355673,100.09115144306988,100.53125913413913,244295500
2011-06-30,101.89791870117188,102.06005927872408,100.92503989057934,101.25704988007371,223322700
2011-07-01,103.40357971191406,103.54256914639446,101.75122307738214,101.9905813337951,202385700
2011-07-05,103.31861114501953,103.52708933755271,102.99431827983298,103.29544821048886,165936000
2011-07-06,103.44220733642578,103.5734679595401,102.77817538423609,103.07158841341109,143331600
2011-07-07,104.51543426513672,104.77795542901796,104.14481545837735,104.36101074413361,170464200
2011-07-08,103.77420043945312,104.51544994594347,102.99435388324073,103.33409274947543,194100500
2011-07-11,101.89791870117188,102.83218868509395,101.65856047027877,102.50017869559959,195918600
2011-07-12,101.45779418945312,102.52333648689898,101.4269141987233,101.68171830384118,214675700
2011-07-13,101.79753875732422,102.8630811150725,101.55046347222537,101.99057111014761,204062600
2011-07-14,101.09494018554688,102.52338490287714,100.90190775248954,102.05238529494662,226111800
2011-07-15,101.68173217773438,101.82070982762004,100.9713744764326,101.65856923608678,220012800
2011-07-18,100.84780883789062,101.36513405761181,100.09112541907916,101.21071055320758,196872100
2011-07-19,102.48473358154297,102.60827711511628,101.38831123003946,101.41147416986448,166554900
2011-07-20,102.42295837402344,102.80902306715095,102.24537191407742,102.74726308419885,137145400
2011-07-21,103.84369659423828,104.09850073298395,102.43841530450653,103.00206651834718,245246300
2011-07-22,103.91320037841797,104.02129804843923,103.28004846703458,103.86687448866063,126019400
2011-07-25,103.33409881591797,103.84370714518762,102.8167734326031,102.92487109804559,136653800
2011-07-26,102.94802856445312,103.43447392394324,102.71638735604061,103.2646044898915,131278200
2011-07-27,100.84012603759766,102.40754811411895,100.70885364342006,102.37665633369052,249020100
2011-07-28,100.54670715332031,101.74351026705787,100.38455476995757,100.8401201414236,207939900
2011-07-29,99.8595199584961,100.80151898829074,98.80942325881168,99.5352269488268,307038400
2011-08-01,99.434814453125,101.11806252374998,98.46965278792402,101.02539899229484,325790900
2011-08-02,96.89454650878906,99.21865836587232,96.89454650878906,98.68588703119913,346653800
2011-08-03,97.41958618164062,97.52768384989113,95.38116459337245,97.02580434339141,370830800
2011-08-04,92.85630798339844,96.22279353379774,92.70187852780865,96.06836407820795,520721800
2011-08-05,92.71729278564453,94.253828526521,90.23103536228018,94.01447031562249,655619200
2011-08-08,86.67922973632812,92.74816600630582,86.49391447814114,90.26963186412083,702263900
2011-08-09,90.70977020263672,90.8333078511402,85.14271169492379,88.07680595560399,717828700
2011-08-10,86.70245361328125,89.78324978284235,86.43992642509421,88.99568000004668,662607400
2011-08-11,90.59395599365234,91.82163907570276,86.72558553448103,87.45138915232555,487979700
2011-08-12,91.2039566040039,92.0455750969596,90.5553646331433,91.42015196399687,313731600
2011-08-15,93.13426971435547,93.2269214914577,91.88341770554598,92.03012420713257,258810600
2011-08-16,92.33893585205078,93.18828275513461,91.35061133669373,92.2462841105353,294095200
2011-08-17,92.40071105957031,93.58206793506488,91.66719058773012,92.84854746322469,238201100
2011-08-18,88.41654968261719,92.43162068031693,87.55176253179671,89.95308572058667,512956300
2011-08-19,86.97266387939453,89.4743617371937,86.86456622380867,87.2197450765737,428281300
2011-08-22,87.04219818115234,88.97252275289819,86.7951168716042,88.9261909573758,275090600
2011-08-23,89.9067611694336,90.00713588405637,86.92634081807385,87.3664543989285,331136600
2011-08-24,91.17304229736328,91.29657993991,89.50523994138327,89.71371818132073,246869700
2011-08-25,89.783203125,92.19224890490766,89.46663314329963,91.67492363549506,312365400
2011-08-26,91.08811950683594,91.50507015037567,87.90694379550351,89.3276651613664,314495900
2011-08-29,93.70565795898438,93.75970680067392,91.15762767160446,92.3158221857077,190977200
2011-08-30,93.95270538330078,94.53180243179477,92.08415365397131,93.29639657318354,241315700
2011-08-31,94.36965942382812,95.36570709064914,93.6593017654516,94.55496883669156,301828400
2011-09-01,93.38135528564453,95.28079338612577,93.25781172258169,94.42372906274161,254585900
2011-09-02,90.99545288085938,93.32728707714966,90.67115993145639,91.43556642387203,255517200
2011-09-06,90.33142852783203,90.46269501986099,88.31617006218003,88.32389300662423,285130500
2011-09-07,92.87946319580078,92.91806613832307,91.38925294600337,91.69810594058622,209803200
2011-09-08,91.91427612304688,93.38132302779086,91.70579790511584,92.32350372528572,250568200
2011-09-09,89.50523376464844,91.92971947747368,89.01107144680377,90.86418308416101,380195100
2011-09-12,90.08432006835938,90.1538147655702,88.06134516119872,88.38563803917242,305793500
2011-09-13,90.91053009033203,91.25026897189346,89.73689578539025,90.37776471528808,272514700
2011-09-14,92.16911315917969,93.27325873103845,90.12296852576402,91.37381471691609,319389500
2011-09-15,93.75968170166016,93.79056758734075,92.1922598213728,93.15742165808967,326777200
2011-09-16,94.3145980834961,94.66385748152095,93.38325153147706,94.13609285634831,284528300
2011-09-19,93.3755111694336,93.85671035955372,92.14147639409617,92.7701351723731,241517000
2011-09-20,93.26683044433594,94.67937605082975,93.14265366908124,93.77131228694591,218932200
2011-09-21,90.51934814453125,93.60056164958009,90.37188859776667,93.3133995333734,316251300
2011-09-22,87.5933837890625,88.64115034779749,86.38263184753389,87.89607177444465,513911300
2011-09-23,88.12114715576172,88.60234631753713,86.94143499184716,87.0112892527401,307242500
2011-09-26,90.2166748046875,90.34085751818856,87.68651419135911,88.9515944980233,260673700
2011-09-27,91.22566986083984,92.7934386667361,90.68237918529819,91.99403141928565,311753900
2011-09-28,89.36295318603516,91.96296845790502,89.23101347356598,91.41192090462908,286696800
2011-09-29,90.06922149658203,91.29549331019994,88.42383595643605,90.84534574585423,298108900
2011-09-30,87.81844329833984,89.60352517957213,87.75635194907343,88.8274010778128,288392300
2011-10-03,85.3193130493164,88.43932897849707,85.22617603599896,87.30618862923816,365136800
2011-10-04,87.18978118896484,87.37605524197606,83.37901482180679,84.09304759427836,459177500
2011-10-05,88.80410766601562,89.03694723719877,86.59991832326855,87.40708800298553,284108000
2011-10-06,90.41069030761719,90.54263589836377,88.09784391924626,88.75754818755247,257800800
2011-10-07,89.80535125732422,91.00058351252949,89.30086922628784,90.93849214103228,312657900
2011-10-10,92.80892181396484,92.84772446636592,91.32652193249018,91.33428483151319,230666300
2011-10-11,92.90208435058594,93.16596971444203,92.16476857056502,92.25790562628346,209088000
2011-10-12,93.7170181274414,94.79583053321213,93.39104731160256,93.60059828711066,281544900
2011-10-13,93.53071594238281,93.81012108908435,92.45190392870177,93.16593667189153,212538800
2011-10-14,95.12954711914062,95.15282989874203,94.08954348789133,94.61730820383578,211397600
2011-10-17,93.31342315673828,95.11403121797187,93.08058350826983,94.67939760225464,202311600
2011-10-18,95.1373291015625,95.85136211889282,92.5140248749545,93.2435836960385,318857900
2011-10-19,94.01192474365234,95.52537052718544,93.68595399200812,94.98208001975387,226601300
2011-10-20,94.42328643798828,94.76477710801323,92.99521462785968,94.24477524121274,262075600
2011-10-21,96.21609497070312,96.33251475708371,95.24593995312543,95.53310204866038,278999400
2011-10-24,97.39579772949219,97.63640019262377,96.28594018827835,96.37131430078372,203215600
2011-10-25,95.50208282470703,96.97671403127566,95.29252597991164,96.93014847525784,268596800
2011-10-26,96.47225189208984,96.83702533549443,94.85014904223357,96.51105455388603,289053800
2011-10-27,99.8328628540039,100.44599578097481,98.26508860350287,99.0567327076259,393220200
2011-10-28,99.80957794189453,100.00360899400341,99.18867620660299,99.34389867974699,225906500
2011-10-31,97.40357208251953,99.82507542350824,97.26386951120428,98.69194089813321,228146700
2011-11-01,94.68716430664062,95.85911365399008,94.3146220383971,94.71044708815114,416565800
2011-11-02,96.23162078857422,96.54983449624268,95.30027428272487,96.10744401776076,244717600
2011-11-03,97.98568725585938,98.17971831973236,95.92895679453406,97.22508288007967,291174800
2011-11-04,97.3880844116211,97.55882679181877,96.24718068881997,97.19405332737216,249401600
2011-11-07,97.99344635009766,98.09434036770372,96.39462641936264,97.31821614235827,196617200
2011-11-08,99.25074768066406,99.35941050220775,97.56655980641278,98.50566925594494,224426300
2011-11-09,95.58748626708984,97.63645425912947,95.35464657289286,96.93017819572884,337982000
2011-11-10,96.48775482177734,96.96895393010976,95.47879105059425,96.85253412245673,231866500
2011-11-11,98.30390167236328,98.56001817808351,97.62867143407243,97.6597171150539,189924400
2011-11-14,97.3725357055664,98.91702111492332,96.95342795160555,97.93910894370536,159258300
2011-11-15,97.85371398925781,98.3737156409484,96.79818489013165,97.14743831676417,184709400
2011-11-16,96.3014907836914,98.0555271872981,96.1617881928295,96.8680581256508,235782500
2011-11-17,94.77252197265625,96.36357887459405,94.08953484122911,96.12297635765519,331219600
2011-11-18,94.67163848876953,95.26925155504107,94.2758134638396,95.07522049281084,215580400
2011-11-21,92.87100219726562,93.40652373947943,92.08711528649826,93.29010395330901,229611600
2011-11-22,92.5062484741211,93.21251844130367,91.98624074200617,92.66923385116323,216494900
2011-11-23,90.46501922607422,92.50622930905058,90.46501922607422,91.63696822355797,224329100
2011-11-25,90.29427337646484,91.34980260775852,90.18561647806904,90.32531905048606,99557000
2011-11-28,92.90980529785156,93.27458453299687,92.21905539692563,92.77786563618174,210686000
2011-11-29,93.17369842529297,93.91101393475034,92.83220193433242,93.17369842529297,199241500
2011-11-30,97.00775909423828,97.18627026010452,93.13490111421879,95.84357283031053,324439500
2011-12-01,96.99223327636719,97.5122350212845,96.57312553645622,96.89909624926791,176954800
2011-12-02,96.90687561035156,98.17971892347691,96.84478424840442,97.8847938362653,221109700
2011-12-05,97.96240234375,98.70748090224487,97.35702638505781,98.44359558201405,225263900
2011-12-06,97.99344635009766,98.65315075736972,97.60538423742493,97.95463777028722,178842100
2011-12-07,98.35820770263672,98.7695525194549,96.99222765776229,97.66745182070653,237802500
2011-12-08,96.20059967041016,97.93135937582282,95.96776594519613,97.71404553041312,240862800
2011-12-09,97.83047485351562,98.07883440400909,96.54986851573175,96.63524266634126,209111400
2011-12-12,96.40237426757812,96.99223024472231,95.58744751102071,96.97670444667912,215826100
2011-12-13,95.50208282470703,97.45791315510435,95.03640357909842,96.90686569724893,245159800
2011-12-14,94.4853744506836,95.48657554879533,94.2758234865945,95.12179616560438,238618800
2011-12-15,94.82685852050781,95.61850262856036,94.67939302218748,95.48656293077794,199109200
2011-12-16,94.96741485595703,96.02963827940953,94.7409166773315,95.4672899601496,220481400
2011-12-19,93.95208740234375,95.53761089795903,93.74901363692683,95.3345371325421,183903000
2011-12-20,96.79508972167969,96.95910876608336,94.014566182226,95.42825839273742,225418100
2011-12-21,96.9825439453125,97.13094468941436,95.87345932863539,96.79509445096572,194230900
2011-12-22,97.8416748046875,97.94321464509642,97.02939183488112,97.3418056114632,119465400
2011-12-23,98.71646881103516,98.74771138678591,97.95104656133397,98.15411436534578,92187200
2011-12-27,98.79456329345703,99.05231005079513,98.45871308329538,98.54462866907474,86075700
2011-12-28,97.49803924560547,98.82581595589863,97.419935784808,98.81019764730397,119107100
2011-12-29,98.50559997558594,98.6071338890354,97.5214795847127,97.81827514942755,123507200
2011-12-30,98.02134704589844,98.66961714574339,98.02134704589844,98.42748865078062,95599000
2012-01-03,99.58344268798828,100.27076751789187,99.52876966369256,99.7865164749064,193697900
2012-01-04,99.73963928222656,99.82555487705415,98.96640488769036,99.3491160180692,127186500
2012-01-05,100.00518798828125,100.15358872920133,98.7477086133752,99.20071701066986,173895000
2012-01-06,99.74745178222656,100.14578718162495,99.41941366926889,100.13016291401051,148050000
2012-01-09,99.98955535888672,100.11451371521149,99.51311661679848,99.97393109516314,99530200
2012-01-10,100.85653686523438,101.26267245838726,100.71594230004791,101.05960466181082,115282000
2012-01-11,100.91120147705078,101.04397794672857,100.38009559833958,100.5441086829555,111540700
2012-01-12,101.15328216552734,101.30168284024663,100.39566644982665,101.20015494529532,118983700
2012-01-13,100.6300277709961,100.79405277913975,99.75525950842659,100.47382085522636,179836200
2012-01-17,101.02055358886719,101.78598775590865,100.67689121473822,101.59853230152265,132209200
2012-01-18,102.13745880126953,102.19212586149494,100.81748824920366,100.99712561540765,163395200
2012-01-19,102.67638397216797,102.7622995687662,102.16089039257855,102.48892851109241,126328900
2012-01-20,103.05906677246094,103.05906677246094,102.25458995983358,102.50453052032691,138230200
2012-01-23,102.79353332519531,103.29340262299058,102.30147020221004,102.71542390579874,129295800
2012-01-24,102.67638397216797,102.70762059010166,102.00468346726116,102.16089039257855,103083300
2012-01-25,103.5355224609375,103.77764496985225,102.12183019831362,102.52015962415814,198613200
2012-01-26,103.00443267822266,104.19161496692158,102.59828509639108,103.99635331074832,184880500
2012-01-27,102.95755767822266,103.13719504029324,102.43424602370666,102.50454926784217,135259100
2012-01-30,102.60608673095703,102.66076571282183,101.58291760474592,101.93438618673692,147311800
2012-01-31,102.56703186035156,103.23872040766769,102.0671506604114,103.1137620255064,157212000
2012-02-01,103.4652099609375,103.98850958035757,103.19965706472219,103.3246154219979,166234500
2012-02-02,103.62923431396484,103.89479915694675,103.26215345731691,103.66828901891712,113090400
2012-02-03,105.08198547363281,105.1444706205651,104.48058828032804,104.66022562911887,160598500
2012-02-06,105.01168060302734,105.05854147772439,104.52743567406246,104.64458786080505,107694500
2012-02-07,105.27727508544922,105.45692439983814,104.37907618481,104.79302996522561,135528100
2012-02-08,105.58969116210938,105.6131216065505,104.90236634430273,105.33194435543189,139361400
2012-02-09,105.72248077392578,105.90211817621001,105.097641036358,105.76153549211628,148602900
2012-02-10,104.94141387939453,105.02732947574353,104.535266340488,104.78520695453031,167907500
2012-02-13,105.72248077392578,105.8474511050047,105.23823563827845,105.69124415006942,115841900
2012-02-14,105.58969116210938,105.6521763198941,104.8555054554205,105.44129040209883,165329500
2012-02-15,105.09760284423828,106.08953512024375,104.8867169769062,105.93332822207356,195195100
2012-02-16,106.26142120361328,106.35514300738998,104.91801973294714,105.10547525832912,186567800
2012-02-17,106.5425033569336,106.71433445557759,106.19103498891374,106.62841890625559,129869400
2012-02-21,106.58942413330078,107.04243256457059,106.2613860108967,106.79249194683914,134042300
2012-02-22,106.2457504272461,106.65189792889112,106.05829498391225,106.42538777846812,124455300
2012-02-23,106.71434020996094,106.79243767494445,105.83175423913559,106.1910407150791,137704300
2012-02-24,106.94869232177734,107.15957821534022,106.71438790428957,106.94869232177734,105539100
2012-02-27,107.1283187866211,107.41730211853468,106.06609528818305,106.2379264362996,145728900
2012-02-28,107.4407730102539,107.56574333190704,106.9487098173858,107.15959574544726,129355900
2012-02-29,107.01901245117188,107.93283557703622,106.6441014883872,107.59697932926983,185934700
2012-03-01,107.57351684570312,107.77659653618565,106.94867734498081,107.2454787893339,145023500
2012-03-02,107.24549102783203,107.64383236288377,107.0033685241547,107.50323779821152,120638300
2012-03-05,106.8080825805664,107.15955103547577,106.44098986251284,107.0814535553964,140765000
2012-03-06,105.24601745605469,105.7771233634778,104.94140979319168,105.71465013022423,202129900
2012-03-07,105.98020935058594,106.15204054675362,105.38660633916136,105.48814620539444,143692200
2012-03-08,107.03461456298828,107.25331856260229,106.40978685377551,106.6284789355649,116968900
2012-03-09,107.4485855102539,107.72975084259733,107.10492310251165,107.23769959317111,122836800
2012-03-12,107.45636749267578,107.59695012719625,107.07365045788809,107.43293705358904,104003500
2012-03-13,109.39335632324219,109.44803529152001,107.85469396960733,108.03434322152971,184090500
2012-03-14,109.27622985839844,109.69798976771807,108.94037363175917,109.42463061543728,145163600
2012-03-15,109.9088363647461,109.95569723592689,109.15902667239112,109.44020381729665,165118500
2012-03-16,110.06107330322266,110.2022720676724,109.82573005908512,110.10813955803924,152893500
2012-03-19,110.49251556396484,110.82983164747452,109.91200392088577,109.99045564591495,125291100
2012-03-20,110.17091369628906,110.30427209328295,109.54333561568664,109.86497102787813,121729700
2012-03-21,109.99041748046875,110.33557382869489,109.76291473885662,110.23360098560356,122388400
2012-03-22,109.1981201171875,109.47268915002776,108.83727095579579,109.1824273801549,135216700
2012-03-23,109.55113983154297,109.67665780023185,108.68823072942455,109.29227547994407,120521000
2012-03-26,111.08868408203125,111.08868408203125,110.29637449788538,110.33558838191284,120164000
2012-03-27,110.7435302734375,111.26128288718988,110.67293090884898,111.19068352260136,119868500
2012-03-28,110.19445037841797,110.8612543549342,109.54333914618805,110.68867007795487,148562100
2012-03-29,110.00617218017578,110.21014194354541,109.11187728633136,109.54333797416344,164963700
2012-03-30,110.46113586425781,110.64941283214522,109.86494342102763,110.54742797828288,135486800
2012-04-02,111.26911926269531,111.5593810345223,110.10810808554095,110.32775852527148,151741100
2012-04-03,110.81416320800781,111.3005424637482,110.16305205165712,111.112265464424,155806700
2012-04-04,109.71588134765625,110.09242327572886,109.30795394304722,109.99829078622372,146896000
2012-04-05,109.66095733642578,109.98259261976344,109.2451895682289,109.33933402313961,137439400
2012-04-09,108.42932891845703,109.70016513504294,108.13122680541115,108.2802778619341,127555900
2012-04-10,106.60939025878906,108.52349757439657,106.49956501789619,108.21755497690545,235360300
2012-04-11,107.4723129272461,107.89592115663206,107.2761955678898,107.69980379727578,154133000
2012-04-12,108.87651824951172,108.962810374591,107.49585621829804,107.57430795748095,154321500
2012-04-13,107.5821304321289,108.9000452166436,107.48014558218145,108.62547614527098,169246700
2012-04-16,107.51152801513672,108.2881450194977,107.1428264589048,108.13125354175172,147825300
2012-04-17,109.10399627685547,109.32364673250501,108.02142476683125,108.13124999465602,147877600
2012-04-18,108.73529052734375,109.10399205722126,108.55486593933504,108.61762491995799,123884200
2012-04-19,108.03714752197266,109.1589332342828,107.52724710184177,108.75101768620024,198666700
2012-04-20,108.21754455566406,108.9078814148283,108.15478557118983,108.51564673940359,143199600
2012-04-23,107.30754089355469,107.40168534095457,106.6407492289126,107.11142358570986,171844900
2012-04-24,107.7154541015625,107.9900230845123,107.31537915531035,107.40167123823325,137484200
2012-04-25,109.19029998779297,109.2373662375701,108.67254730013782,108.76667979969208,150252200
2012-04-26,109.95122528076172,110.07674324764724,108.89218688649991,108.95494586994268,136291600
2012-04-27,110.13162994384766,110.44541283421687,109.66879599103558,110.28068100629054,130725000
2012-04-30,109.72372436523438,109.99045304198744,109.42563415129632,109.91200131881554,115092200
2012-05-01,110.40621948242188,111.12792984052568,109.53545803415655,109.66096403161427,138832200
2012-05-02,110.07674407958984,110.18656930893167,109.40209996504652,109.76294916000442,121081000
2012-05-03,109.23733520507812,110.17869584335605,109.03337752396705,110.092403753261,143759700
2012-05-04,107.4723129272461,109.27659502733468,107.40955393584564,108.66470982374736,193927300
2012-05-07,107.55072784423828,107.91157695870461,107.04866805494414,107.0878819373495,127765900
2012-05-08,107.1192855834961,107.29186978754245,105.84059679080303,106.90747552033889,213377700
2012-05-09,106.48384857177734,107.16633291366463,105.50326211731883,105.98178878589655,220752500
2012-05-10,106.70353698730469,107.354648061394,106.46035337518596,107.22127772243816,150600000
2012-05-11,106.38191223144531,107.37033951877689,105.98967747090906,106.03674372696462,153032400
2012-05-14,105.20516967773438,106.38187353127549,105.04827822460568,105.36206113086307,163910000
2012-05-15,104.60115051269531,105.75432152787194,104.43641863627208,105.1345959474287,207629300
2012-05-16,104.20106506347656,105.55035330135297,104.17753194061088,105.07182651966363,207265500
2012-05-17,102.6556396484375,104.35009598759838,102.60072105899664,104.22457804320497,247992900
2012-05-18,101.77706909179688,103.2361827237946,101.62801798351992,103.05574613479952,319615900
2012-05-21,103.52641296386719,103.56563882230357,101.94178164943813,102.10652546685039,177861100
2012-05-22,103.70687103271484,104.51487370317038,103.03222674795964,103.79316316111569,197531200
2012-05-23,103.76173400878906,103.91078505701921,101.97314537012504,102.96157215358184,204958400
2012-05-24,103.96571350097656,104.20889706439327,103.09495211484014,104.0441652175858,167357600
2012-05-25,103.62841796875,104.21677004963983,103.37738200194455,103.9265082167643,135465600
2012-05-29,104.88353729248047,105.06396187002024,102.8988310293903,104.45992916041952,152883500
2012-05-30,103.3616714477539,104.87570343273752,103.14987335357436,103.9892492865546,162370400
2012-05-31,103.13418579101562,103.90296239784583,102.24773160035127,103.32246274311889,196186000
2012-06-01,100.53759765625,103.15772248768735,100.53759765625,101.51818437191243,253240900
2012-06-04,100.49055480957031,100.99261484609823,99.7374587697507,100.71804571375488,202545800
2012-06-05,101.25144958496094,101.40048868429432,100.23947757180203,100.29439017867631,164149400
2012-06-06,103.52641296386719,103.57347920597029,101.92608891205329,101.95747438682297,184202800
2012-06-07,103.58917236328125,104.75018356338605,103.37736230290726,104.70311732109215,184772700
2012-06-08,104.41287231445312,104.43640543668212,102.99297277634241,103.32246042765235,143915400
2012-06-11,103.08712768554688,105.31501792945402,102.9851428321814,105.25225894046397,169756100
2012-06-12,104.27168273925781,104.34228212025012,102.89102075183905,103.38522838883964,181931800
2012-06-13,103.6048812866211,104.61684156418987,103.25186047416253,103.96573051394971,172223900
2012-06-14,104.70310974121094,105.11887747810987,103.53424627197494,103.81665567534502,230615500
2012-06-15,105.7739486694336,105.86856889773033,104.95387861602298,105.1746671700979,169444500
2012-06-18,105.97895812988281,106.23917577738558,105.09580395562364,105.33236654717827,131360900
2012-06-19,107.00405883789062,107.43775493394698,105.95530719909023,106.51517161983092,137382600
2012-06-20,106.83058166503906,107.31948092096421,105.87646227448576,107.01195314594905,206451800
2012-06-21,104.43343353271484,107.06713391872118,104.34669432086086,106.95673965200453,205272200
2012-06-22,105.23779296875,105.4349265437437,104.57541501239147,104.97757520590889,130029200
2012-06-25,103.55030059814453,104.16535621463537,103.179688619993,104.12592710443464,146375700
2012-06-26,104.07073211669922,104.38615299100073,103.24276886576237,103.8499435207262,141634000
2012-06-27,105.00908660888672,105.21410114715782,104.06284807767865,104.4176860228722,108088000
2012-06-28,104.70944213867188,104.86715859079969,103.51875993039314,104.31517507250429,169242100
2012-06-29,107.31948852539062,107.45353786942655,106.33382096741339,106.6098006644022,212250900
2012-07-02,107.64281463623047,107.75320895866491,106.862173367615,107.61915956942872,129524500
2012-07-03,108.35246276855469,108.43130895145032,107.50872559025883,107.61911987197215,80450000
2012-07-05,107.86355590820312,108.65998291433975,107.46928892522807,107.95029512574058,126177500
2012-07-06,106.8385009765625,107.05928958562973,106.33383957982646,106.8227269238929,151192100
2012-07-09,106.70445251464844,106.9015860624227,106.21555313435599,106.75176264098197,103780500
2012-07-10,105.7739486694336,107.42198181666205,105.41121774083976,107.2485033767355,167884800
2012-07-11,105.78971862792969,106.13667549436809,105.17466310363373,105.82914773222011,141733400
2012-07-12,105.27716064453125,105.84490603659881,104.55960391273086,105.17465941545858,143583200
2012-07-13,107.0434799194336,107.15387418723886,105.5373772406045,105.55315128802604,129642600
2012-07-16,106.79116821289062,107.10658907457352,106.37324609922695,106.79906125447995,97525200
2012-07-17,107.52449798583984,107.74528654587054,106.09725335418638,107.21697020350608,138860300
2012-07-18,108.3209228515625,108.53383042240345,107.20909894178246,107.27217108003327,113349700
2012-07-19,108.60478210449219,108.95961999041073,108.19475309644459,108.54169794200632,129847300
2012-07-20,107.61125946044922,108.1553499644892,107.49298414743035,107.98975249418619,142904500
2012-07-23,106.52305603027344,107.54027163642785,105.53738852233455,106.03416879659946,145210900
2012-07-24,105.60836791992188,106.64923872389896,104.8986920314471,106.60192860227741,173301200
2012-07-25,105.63204956054688,106.10516287399574,105.07218496941009,105.82918311583657,129122300
2012-07-26,107.37468719482422,107.60336882230119,106.65711827451102,107.15389860889331,156526500
2012-07-27,109.35389709472656,109.66143692731352,107.35102588689175,107.94242642880545,236768900
2012-07-30,109.35389709472656,109.87433245930858,109.03060727619061,109.22774079016183,106782000
2012-07-31,108.58901977539062,109.50371004861888,108.58901977539062,109.20407531776553,120575900
2012-08-01,108.49437713623047,109.39330530693738,108.34455376910057,109.36965025234555,138293800
2012-08-02,107.74530792236328,108.4786509531604,106.90946363183492,107.67434273514706,199556600
2012-08-03,109.88224792480469,110.11091755356455,107.77685097770356,109.25929915556435,157825000
2012-08-06,110.09512329101562,110.52881943706467,110.04781317182393,110.17398151105185,86326200
2012-08-07,110.64713287353516,111.12024620915501,110.41845120071933,110.53672652660482,109545100
2012-08-08,110.78118896484375,110.90734530940503,110.24497938016341,110.27652749036272,89754700
2012-08-09,110.87574005126953,111.09652855659087,110.51300920277238,110.62340345543305,90291700
2012-08-10,111.05712890625,111.09655801381295,110.24493982516523,110.42629928146565,99792700
2012-08-13,111.00192260742188,111.05711372480596,110.42628418625564,110.86787328569174,79426900
2012-08-14,111.0177001953125,111.48294441489863,110.68651734833425,111.411967208202,102379400
2012-08-15,111.14385223388672,111.33310470387678,110.82844348264254,110.89940864686159,71085900
2012-08-16,111.96393585205078,112.0979851748651,111.02557856027782,111.30155821357573,112014200
2012-08-17,112.11378479003906,112.20841707417125,111.86146010719911,112.15321390575441,90813700
2012-08-20,112.12165832519531,112.14531338409358,111.6485330830804,111.95606088083268,78255700
2012-08-21,111.78258514404297,112.8313368982936,111.53814150810392,112.39764075449446,105581100
2012-08-22,111.82987976074219,112.01123918274092,111.23847935537616,111.4986849455138,133243500
2012-08-23,110.9151840209961,111.56177557840404,110.74170559611457,111.55389457075405,111466400
2012-08-24,111.58544921875,111.8377858904507,110.56824558713409,110.63921076402188,99481200
2012-08-27,111.60910034179688,112.03491545225667,111.45139594358278,111.88509206272727,68785900
2012-08-28,111.49871826171875,111.84567519500362,111.15965437005667,111.32523979507631,75689600
2012-08-29,111.58544921875,111.8850960083759,111.27792142016149,111.59334225978736,65421300
2012-08-30,110.78118896484375,111.1360269960747,110.54462626666357,111.10447888587541,96589900
2012-08-31,111.30947875976562,111.82991416429267,110.67864906022456,111.41198001308707,151970400
2012-09-04,111.20694732666016,111.54602319806139,110.4972715505348,111.21482833499087,120226200
2012-09-05,111.1123275756836,111.55390468557606,110.89153902073735,111.25425791868881,100660300
2012-09-06,113.36753845214844,113.37541946073412,111.77469637642776,111.78257738501343,158272500
2012-09-07,113.8091049194336,113.85641503066674,113.45426705311202,113.55676828342614,107272100
2012-09-10,113.16250610351562,113.89584895488838,113.12308903053498,113.69871546169094,86458500
2012-09-11,113.47794342041016,113.84066236269986,113.2019516769536,113.23349977841593,88760000
2012-09-12,113.85643005371094,113.98259838836223,113.47004404086933,113.85643005371094,87640900
2012-09-13,115.59117126464844,115.94600908177298,113.54099052566697,113.84062519929122,225470200
2012-09-14,116.10374450683594,116.78976520121047,115.72523954325318,115.81987180018554,169777000
2012-09-17,115.7094955444336,116.06433347498051,115.4177297522315,115.8671999544461,119427800
2012-09-18,115.61489868164062,115.7647221282646,115.32314483215956,115.51239740138125,98326600
2012-09-19,115.67794036865234,116.04855232715751,115.44927079293028,115.74890554400665,128318300
2012-09-20,115.68585968017578,115.74893182898609,114.83424128630983,115.1496501586703,154009800
2012-09-21,115.63749694824219,116.2716942030094,115.58993427098828,116.24791286438246,108737500
2012-09-24,115.46306610107422,115.72467286268949,114.97949216529517,115.06669441916692,95682000
2012-09-25,114.2343521118164,115.93082285048216,114.20263559540763,115.7088556208479,133165200
2012-09-26,113.5921630859375,114.24221828915269,113.32263331224861,114.21051388484254,146502200
2012-09-27,114.66240692138672,114.92401369957304,113.76660299271585,114.06784936086454,111830300
2012-09-28,114.13127899169922,114.59899473854185,113.72698417437336,114.22640433782166,150696100
2012-10-01,114.43256378173828,115.49483749091293,114.16302171676824,114.56732876606854,135911200
2012-10-02,114.55143737792969,115.06671582173016,114.02030067693823,114.88438820110467,113422200
2012-10-03,115.01913452148438,115.28866436855654,114.25810764783304,114.86058826416568,121283100
2012-10-04,115.84361267089844,116.01008203361266,115.2966177150826,115.45516399738862,124311600
2012-10-05,115.85151672363281,116.66011835578497,115.50270770206507,116.46193251137639,124842100
2012-10-08,115.45512390136719,115.83563726601561,115.19351718307709,115.42341949443889,78415400
2012-10-09,114.31361389160156,115.46308958364926,114.27397429608828,115.36796423146238,148872900
2012-10-10,113.58425903320312,114.40871883896507,113.4336358708253,114.29772316453696,124247500
2012-10-11,113.64766693115234,114.54347062817867,113.62388560258539,114.37698923190864,123601500
2012-10-12,113.27507781982422,114.1153836946329,113.02932935790487,113.72694725984485,124181900
2012-10-15,114.21846771240234,114.33737438095407,113.17997581937048,113.54463100046515,107689100
2012-10-16,115.37588500976562,115.4551641992102,114.67827894713852,114.7575460402771,108815500
2012-10-17,115.8990478515625,115.99418525647582,115.28070915297899,115.45511361630261,128834100
2012-10-18,115.59782409667969,116.15274194078044,115.20937555765826,115.59782409667969,148108500
2012-10-19,113.67147827148438,115.39173003771903,113.40194841236291,115.38380695820531,185645200
2012-10-22,113.68733978271484,113.89344872271556,112.79153582352163,113.48121874640918,125578600
2012-10-23,112.1097640991211,112.61711936376587,111.64204842158838,112.4585731116213,192056300
2012-10-24,111.79264831542969,112.64881241428934,111.6182438454971,112.51403542691322,120179400
2012-10-25,112.11770629882812,112.7915431057397,111.43595850797011,112.58543415243187,134457400
2012-10-26,112.05426788330078,112.44270435031196,111.29322900929705,112.01462829989285,146023500
2012-10-31,112.05426788330078,112.59332750948059,111.52311923897902,112.45063952477507,103438500
2012-11-01,113.22752380371094,113.37021178746956,112.18903204534824,112.292080445962,100995600
2012-11-02,112.2207260131836,113.9330542367887,112.10181937111436,113.90133773470268,137702200
2012-11-05,112.45063781738281,112.70430937399742,111.72130336339774,112.05426618192682,98378500
2012-11-06,113.3305892944336,113.77452361409195,112.67261089340319,112.7915175517749,107068100
2012-11-07,110.76210021972656,112.31587038921181,110.23888671321885,112.3000242317807,264304500
2012-11-08,109.4302978515625,111.30910800781062,109.34309559033322,110.74625484963896,181517300
2012-11-09,109.52542114257812,110.54013163511212,109.04184722845622,109.09733297136032,201055300
2012-11-12,109.61264038085938,110.04071652211934,109.3668918464041,109.86631199515655,97677500
2012-11-13,109.23210906982422,110.38951977003845,108.89123520997411,109.03392321745432,123018300
2012-11-14,107.75760650634766,109.73946504222226,107.51185798330793,109.56507261966547,191505000
2012-11-15,107.57526397705078,108.2015379613937,107.16303407183925,107.79723113455634,178128400
2012-11-16,108.10641479492188,108.32045890227833,106.78253475368831,107.73382442505503,239483900
2012-11-19,110.2944107055664,110.31025686675487,108.13814734592259,109.31932745869452,151495800
2012-11-20,110.3419418334961,110.52426940548354,109.46199628687455,110.11997467725848,119807400
2012-11-21,110.54804229736328,110.64317971156132,110.21509158842483,110.43705872771713,81710800
2012-11-23,112.05426788330078,112.09389537040619,111.01576402174403,111.08712011039934,65409200
2012-11-26,111.81646728515625,112.06221582198016,111.1347074267229,111.49936264384701,100124400
2012-11-27,111.24571990966797,112.08602625877083,111.1743758829649,111.70551268671278,128646200
2012-11-28,112.14144897460938,112.20485778053798,110.19129554404765,110.79377597077146,177086500
2012-11-29,112.66468048095703,112.97384990209498,112.07012297136069,112.56163207144671,151085900
2012-11-30,112.6884765625,112.90252068093412,112.30004001369205,112.68055348267099,136568300
2012-12-03,112.133544921875,113.29887861910541,112.04634266914675,113.20375328751227,124656300
2012-12-04,111.97502136230469,112.46651847020978,111.67377495614036,112.12564456538684,127512200
2012-12-05,112.17324829101562,112.69646210488683,111.2774439214765,112.0701877256533,147300500
2012-12-06,112.55372619628906,112.6012888740297,111.90368277332253,112.07015214541478,103220600
2012-12-07,112.89453125,113.11649831780721,112.30789708719638,112.98965653726081,108726400
2012-12-10,112.9421615600586,113.2116914329782,112.68847784697763,112.73605261540924,98840700
2012-12-11,113.7110824584961,114.2422189318596,113.35435045057145,113.40983618250154,152570400
2012-12-12,113.76658630371094,114.59104610728801,113.6080400634239,114.15503487427155,145880100
2012-12-13,113.06897735595703,114.02026686814273,112.78358929267108,113.69523922178603,135715000
2012-12-14,112.64884948730469,113.02936295770319,112.47444495997513,112.82325401463423,137701700
2012-12-17,113.97271728515625,114.03613820608639,112.91043197995604,112.94214848857304,143238200
2012-12-18,115.24112701416016,115.3441875473918,113.9885907425011,114.15507221185167,177762800
2012-12-19,114.38488006591797,115.40752529123367,114.34525259367773,115.36788572269543,150895400
2012-12-20,115.04292297363281,115.05878122923714,114.13919594506305,114.45630057562558,168487000
2012-12-21,113.99862670898438,115.03650449864789,113.32002321034938,113.503643900322,245883800
2012-12-24,113.64739227294922,113.81504229223954,113.51965080352049,113.75117155752517,53874600
2012-12-26,113.1683578491211,113.93479441584053,112.84901638587729,113.87890295962009,106947700
2012-12-27,113.01663970947266,113.43179325935725,111.70732052792256,113.20026039838403,167920600
2012-12-28,111.7951889038086,112.90491714558947,111.66744742136375,112.28219264629362,148806700
2012-12-31,113.69525909423828,113.81500907306567,111.40394131522872,111.4997534803841,243935200
2013-01-02,116.60928344726562,116.68113343117443,115.54745568405058,115.85083852556713,192059000
2013-01-03,116.34580993652344,116.85676340890768,116.03444785463446,116.55339277917722,144761800
2013-01-04,116.85681915283203,117.04843136466482,116.29796542927494,116.53747764854155,116817700
2013-01-07,116.53742980957031,116.64920050839952,116.10630555544874,116.44162983402886,110002500
2013-01-08,116.20214080810547,116.48955297394514,115.7470664696531,116.32988225561087,121265100
2013-01-09,116.49757385253906,116.81692758535783,116.27403233061558,116.45765311317432,90745600
2013-01-10,117.42362213134766,117.4316014023531,116.537435766017,117.14418927894604,130735400
2013-01-11,117.4156494140625,117.47950794985675,117.04839583172961,117.3916872355224,113917300
2013-01-14,117.33580780029297,117.41564924306022,116.90468350069989,117.27193708249793,89567200
2013-01-15,117.4156494140625,117.52742012484316,116.72106297083847,116.79291296017736,93172600
2013-01-16,117.39971923828125,117.58334000182238,117.04843625961261,117.17617773950994,104849500
2013-01-17,118.15811920166016,118.49343132132718,117.47950350908354,117.91860706415703,133833500
2013-01-18,118.42164611816406,118.54938761899345,117.70310931257369,118.13423383234792,169906000
2013-01-22,119.0602798461914,119.06027984619142,118.14215198882206,118.42158485456355,111797300
2013-01-23,119.25189971923828,119.35569117505244,118.84473753289123,119.06029971723767,104596100
2013-01-24,119.28385162353516,119.86665531750005,118.96449795539927,119.07626869372262,146426400
2013-01-25,119.95447540283203,119.95447540283205,119.25190951884066,119.65908392074329,147211600
2013-01-28,119.81074523925781,120.01831593361267,119.36365021880368,119.98637448396195,113357700
2013-01-29,120.28174591064453,120.43343730068912,119.49135970140239,119.571201122086,105694400
2013-01-30,119.81074523925781,120.50531949298964,119.69896234757401,120.26580734898407,137447700
2013-01-31,119.51531982421875,120.05821473029731,119.4354905788573,119.66701122712439,108975800
2013-02-01,120.74491119384766,120.88861126567642,120.06629503571837,120.27386586683826,131173000
2013-02-04,119.38764953613281,120.7688315249149,119.2998287864536,120.01038624064826,159073600
2013-02-05,120.59317779541016,120.93646930255063,119.98641188385398,120.03432407326432,113912400
2013-02-06,120.68099975585938,120.76082904148845,120.08222529420208,120.17004603586238,138762800
2013-02-07,120.5213394165039,120.83270167618598,119.64313192401673,120.7209309209693,162490000
2013-02-08,121.1919174194336,121.26376740975257,120.72886384499898,120.72886384499898,103133700
2013-02-11,121.16796112060547,121.27174037385949,120.8645782678014,121.14401112507814,73775000
2013-02-12,121.36758422851562,121.59112569986888,121.04025129471387,121.17597203217146,65392700
2013-02-13,121.4713363647461,121.83858994681472,121.12804496120035,121.61504852541428,82322600
2013-02-14,121.58309173583984,121.72680387837649,120.96835899559366,121.10407968559966,80834300
2013-02-15,121.43939971923828,121.82261182091634,120.99231690359838,121.69487039299263,215226500
2013-02-19,122.34957122802734,122.37352122988273,121.47935534169105,121.6470053546787,95105400
2013-02-20,120.82469177246094,122.30167355284493,120.76082103893168,122.26175282162706,160574800
2013-02-21,120.09017944335938,120.88854522520495,119.70696727906012,120.52130378752922,183257000
2013-02-22,121.26380157470703,121.26380157470703,120.14609413675011,120.67300639630271,106356600
2013-02-25,118.95654296875,122.03823644837877,118.95654296875,121.85461566552219,245824800
2013-02-26,119.77086639404297,119.91456642143231,118.74096746936087,119.53135416629611,186596200
2013-02-27,121.27973175048828,121.61504386975254,119.56323825218882,119.66702968747063,150781900
2013-02-28,121.04029083251953,122.04622778219847,120.88062004112454,121.27181165272721,126866000
2013-03-01,121.43939971923828,121.62302040807045,120.08218054830483,120.62506334384098,170634800
2013-03-04,122.08611297607422,122.08611297607422,120.968405579667,121.16000560070998,99010200
2013-03-05,123.17984771728516,123.50718060250021,122.66091484626203,122.67688557244428,121431900
2013-03-06,123.34752655029297,123.68283875284997,123.0760850789987,123.61896802158725,94469900
2013-03-07,123.57103729248047,123.73070798988665,123.36346660406178,123.50716657709934,86101400
2013-03-08,124.09797668457031,124.2656266735496,123.47525236131469,124.11394741088566,123477800
2013-03-11,124.5689926147461,124.57697188577073,123.85046839554734,124.00215981966763,83746800
2013-03-12,124.28955841064453,124.62488270352502,123.91433776307453,124.48117055199153,105755800
2013-03-13,124.46521759033203,124.6408590327758,123.9303139909241,124.35344687078552,92550900
2013-03-14,125.1278305053711,125.18372194184,124.47317708244111,124.79251843283257,126329900
2013-03-15,124.96263122558594,125.13102681342596,124.54563128095579,124.97867297937596,138601100
2013-03-18,124.27304077148438,124.81032353014926,123.65556144263365,123.76782929912663,126704300
2013-03-19,123.98432922363281,124.70604928779733,123.16637084431021,124.53765364975466,167567300
2013-03-20,124.85043334960938,125.05892732056425,124.50560274948731,124.71410895672197,113759300
2013-03-21,123.78388977050781,124.81034239538714,123.57539578730062,124.10465162717742,128605000
2013-03-22,124.77823638916016,124.77823638916016,124.08056057877229,124.1767988980227,111163600
2013-03-25,124.2569808959961,125.31551673399815,123.77583825385804,125.1070105764225,151322300
2013-03-26,125.2513656616211,125.28343694420725,124.63388640441194,124.77021076888823,86856600
2013-03-27,125.2513656616211,125.2914639420617,124.29708287400982,124.50557680151287,99950600
2013-03-28,125.63626098632812,125.78061232424605,124.89849924884527,125.17114793168727,102932800
2013-04-01,125.13904571533203,125.82869424842627,124.83431359439416,125.57207514947395,99194100
2013-04-02,125.75660705566406,126.06935413961598,125.39573468194405,125.58819913217604,101504300
2013-04-03,124.48149871826172,125.92495091015343,124.15272224266354,125.82872484278568,154167400
2013-04-04,124.98672485351562,125.23531704785343,124.36924563010213,124.6418943441322,131885000
2013-04-05,124.42537689208984,124.5777429969133,123.3107133586098,123.45505246658423,159666000
2013-04-08,125.26744079589844,125.27545555961103,124.09663677099383,124.513636973378,86571200
2013-04-09,125.7004623413086,126.15756080505487,125.08298295978948,125.49998313502262,101922200
2013-04-10,127.24005889892578,127.40043971299023,126.00511317073051,126.0371844390347,135711100
2013-04-11,127.65715026855469,128.0741504729128,127.1358969540369,127.26420659172871,110142500
2013-04-12,127.34437561035156,127.536827788952,126.63868499207561,127.24813728477345,116359900
2013-04-15,124.39332580566406,126.80710312154625,124.37729628033858,126.70285002553625,217259000
2013-04-16,126.22972869873047,126.29388351223973,125.02685347706073,125.33157354588032,147507800
2013-04-17,124.38529968261719,125.35562427245736,123.71970735403352,125.33155551410964,226834800
2013-04-18,123.60743713378906,124.625874748227,123.13430922712139,124.59379122856419,167583200
2013-04-19,124.68199157714844,124.73813161347746,123.59138449389435,123.89611672247719,149687600
2013-04-22,125.2353286743164,125.53203393558395,124.09660843681975,124.9225816530059,106553500
2013-04-23,126.52645111083984,126.64673375475722,125.2353643755749,125.86085859650761,166141300
2013-04-24,126.60658264160156,126.94338610778694,126.33392172835873,126.5664843688063,96781200
2013-04-25,127.1198501586914,127.72128773785744,126.78304658271189,126.97549877682654,131060600
2013-04-26,126.89531707763672,127.18400761108515,126.48633168408861,126.96748665192904,95918800
2013-04-29,127.74534606933594,128.02600960181664,127.03965538418848,127.24013458008,88572800
2013-04-30,128.05007934570312,128.0821628726742,127.19203466157204,127.72130273007176,116010700
2013-05-01,126.92735290527344,127.83352253916014,126.7830137970131,127.7693677456192,138874200
2013-05-02,128.10621643066406,128.21848429990015,127.1278768974868,127.24815953013973,96407600
2013-05-03,129.4053192138672,129.8143046418891,128.13027434877813,129.22088176303623,144202300
2013-05-06,129.7340545654297,129.91849194020722,129.44536412668978,129.501504156908,66882100
2013-05-07,130.3916473388672,130.4317333808559,129.6458585192183,130.01474554847155,90359200
2013-05-08,130.9850616455078,131.02515992494827,130.1751302404289,130.2472998016556,97419200
2013-05-09,130.61624145507812,131.2738070149912,130.28745255698055,130.92898858743672,106738600
2013-05-10,131.04119873046875,131.15346656860552,130.31946642563818,130.70439521605846,103203000
2013-05-13,131.14544677734375,131.36196770431803,130.5680780325412,130.87279804635529,81843200
2013-05-14,132.50070190429688,132.59694023549503,131.24971372522856,131.24971372522856,119000900
2013-05-15,133.2144012451172,133.47903523034415,132.24408886889643,132.28418715204197,120718500
2013-05-16,132.58895874023438,133.40691753660332,132.38847948283004,132.9418041910713,109913600
2013-05-17,133.87200927734375,133.95219362559536,132.9016844441371,133.07810714108376,129801000
2013-05-20,133.86390686035156,134.38515989358507,133.6072999597215,133.74362428759903,85071200
2013-05-21,134.05641174316406,134.5616231740164,133.51912902863936,133.98424217769306,95804200
2013-05-22,133.06201171875,135.5800415167976,132.4525595254242,134.19271702877597,244031800
2013-05-23,132.6771240234375,133.04601111290938,131.46623413432584,131.64265679847173,211064400
2013-05-24,132.5648956298828,132.6210356925859,131.49834456506397,131.891288295139,151573900
2013-05-28,133.3587646484375,134.54559807169454,132.96582101620575,133.95217524192645,143679800
2013-05-29,132.49266052246094,132.95777361492293,131.78697000475637,132.65304139386393,160363400
2013-05-30,132.98184204101562,133.59129430142784,132.49267238585674,132.59692546792778,107793800
2013-05-31,131.07325744628906,133.3667392651713,130.8166505135516,132.6129357515402,176850100
2013-06-03,131.79498291015625,131.8831942154376,130.4397420545948,131.3779829000739,168390700
2013-06-04,131.16152954101562,132.39648845073208,130.49593702873904,131.86722034656788,157631500
2013-06-05,129.32508850097656,131.04920422971213,129.21282067077436,130.78457029360501,211737800
2013-06-06,130.49591064453125,130.50393764333214,128.5071605102191,129.26897898330478,200225500
2013-06-07,132.15586853027344,132.27615113523132,130.82468393277924,131.39405014756002,188337800
2013-06-10,132.15586853027344,132.63701118638218,131.8110380022655,132.56484162340746,105667100
2013-06-11,130.79261779785156,131.94736755972662,130.50392729831339,130.9529986895333,159505400
2013-06-12,129.7100067138672,131.8270659939655,129.58972412147133,131.6907416438249,177361500
2013-06-13,131.6827850341797,131.91533556093123,129.34920382098394,129.6378944064956,163587800
2013-06-14,130.856689453125,132.0515490857628,130.64018087300752,131.5383231687362,141197500
2013-06-17,131.86721801757812,132.4927122255318,130.88887841308016,131.74692313987572,136295600
2013-06-18,132.9097137451172,133.11019297363785,131.9313741310339,131.93938889511355,114695600
2013-06-19,131.07325744628906,133.02993578304844,131.01712965073963,132.79738536787153,206149500
2013-06-20,127.82549285888672,131.08929908271503,127.48868937707398,129.7982129509618,321255900
2013-06-21,128.23585510253906,128.79209507424136,126.9459944034356,128.69535982716673,271956800
2013-06-24,126.615478515625,127.71991369977844,125.54328431669906,126.8976394157198,222329000
2013-06-25,127.8327865600586,129.0662102742362,126.90569525591553,127.76022281726479,162262200
2013-06-26,129.09837341308594,129.3885913061872,128.380891996949,128.88070691800573,134848000
2013-06-27,129.85621643066406,130.45277908517022,129.75141172488034,129.8723430702512,129483700
2013-06-28,129.32421875,130.1142523074674,128.87277100287577,129.49351780568585,160402900
2013-07-01,130.08197021484375,130.98486542384023,129.85624641259463,130.00134929931565,131954800
2013-07-02,129.9610137939453,130.83972493596136,129.38863498064705,129.88845007041377,154863700
2013-07-03,130.01747131347656,130.41249410386044,129.16294376381174,129.3725409152878,75216400
2013-07-05,131.42018127441406,131.46854889691292,130.033585358006,130.97679089980284,122416900
2013-07-08,132.16990661621094,132.52461892285362,131.4685514741823,132.09735518104037,108092500
2013-07-09,133.12123107910156,133.28246065080148,132.4279328498668,133.00029967455575,119298000
2013-07-10,133.16958618164062,133.62103386030455,132.71813850297673,132.99222997916172,121410100
2013-07-11,134.98348999023438,135.12053577261375,133.16155973982825,134.71745560054595,135592200
2013-07-12,135.03982543945312,135.3784110837679,134.73349307613353,134.94309019851246,104212700
2013-07-15,135.55580139160156,135.7492842232707,135.17690520105714,135.4106984936189,69450600
2013-07-16,135.04788208007812,135.72505330437352,134.68511265999283,135.6444324105673,88702100
2013-07-17,135.39454650878906,135.82181025202823,135.21719035487584,135.563845492442,92873900
2013-07-18,136.13623046875,136.4587018380073,135.59610476389707,135.68478285281472,103620100
2013-07-19,136.3781280517578,136.4264956986057,135.68482974453678,135.85412880953353,103831700
2013-07-22,136.6441192626953,136.83760209002045,136.24909643645765,136.57156781533288,79428600
2013-07-23,136.35389709472656,136.91014944325516,136.2813456495337,136.8859656281909,80829700
2013-07-24,135.85409545898438,136.93434697682886,135.57999169242026,136.87790986867483,112914000
2013-07-25,136.18458557128906,136.30551693652046,135.38649514547146,135.6122189326748,111088600
2013-07-26,136.3296661376953,136.36997658253836,135.04787517842357,135.6121845031639,107814600
2013-07-29,135.9105224609375,136.2894186757225,135.52356907386877,135.98307391457044,79695000
2013-07-30,135.9105224609375,136.46677487417614,135.58806335521797,136.32167196691026,85209600
2013-07-31,136.00723266601562,136.9262543959477,135.82987651628986,136.19264598581145,142388700
2013-08-01,137.57925415039062,137.7001732173226,136.96656474187097,137.03912848305424,110438400
2013-08-02,137.81298828125,137.82911491836873,137.08744952416566,137.27286279746147,91116700
2013-08-05,137.61151123046875,137.82112070570022,137.32936260761755,137.50671879387855,54072700
2013-08-06,136.8295135498047,137.64374290460222,136.5231811588432,137.3454553830817,87495000
2013-08-07,136.38613891601562,136.58767891013505,135.87826649553165,136.39420838843643,84854700
2013-08-08,136.88595581054688,137.19228821306564,136.1845883209106,137.03105869052564,102181300
2013-08-09,136.49093627929688,137.1278095148996,136.01530487110327,136.70860290547972,91757700
2013-08-12,136.3296661376953,136.49089561604674,135.74117300625332,135.80566725779804,68593300
2013-08-13,136.73277282714844,136.96655377150023,135.76538346610357,136.57154331714483,80806000
2013-08-14,136.03138732910156,136.88591461230004,135.99913405368633,136.6682480568184,79829200
2013-08-15,134.12889099121094,134.9753490636482,133.89509772659514,134.95923472203782,152931800
2013-08-16,133.6855010986328,134.33043149526657,133.41946684873298,133.87091443606934,130868200
2013-08-19,132.8310089111328,133.99188147389728,132.82293943712386,133.53236429237492,96437600
2013-08-20,133.48394775390625,133.98376291826875,132.90351168515232,133.04861455182933,89294400
2013-08-21,132.66168212890625,133.84673826383104,132.3634068776071,133.11312974201573,159530500
2013-08-22,133.8709259033203,134.06440872919126,132.92772019162186,132.93577736314867,101471400
2013-08-23,134.3224334716797,134.49173255749585,133.63720455535415,134.26600864376147,90888900
2013-08-26,133.82254028320312,134.87055058899918,133.73386220422753,134.4594011769198,89702100
2013-08-27,131.6700897216797,133.82253504415874,131.57335447604743,132.50043338275134,158619400
2013-08-28,132.1376953125,132.60526961254448,131.44439718498938,131.613683905076,108113000
2013-08-29,132.34725952148438,133.04861464630045,131.72651300009397,131.84744435676697,119200500
2013-08-30,131.92807006835938,132.63749475623086,131.54111673907698,132.6213681130453,134928900
2013-09-03,132.5245819091797,133.4839138430187,131.96832979285153,133.20175305035318,142375100
2013-09-04,133.6210479736328,133.84677183680617,132.31507243655432,132.55691064636295,97389400
2013-09-05,133.79031372070312,134.1450137738125,133.6048880712989,133.70163563216954,63090500
2013-09-06,133.854736328125,134.61252833023258,132.59712930378453,134.2336323291788,159756500
2013-09-09,135.1365509033203,135.21715949059382,134.18527608573703,134.18527608573703,87559300
2013-09-10,136.13623046875,136.16041428381618,135.64447239402944,135.95081711956766,105847200
2013-09-11,136.56346130371094,136.56346130371094,135.71700337867654,135.95078430155743,94545900
2013-09-12,136.20066833496094,136.6924262060195,136.01525506256766,136.5150701016364,83209000
2013-09-13,136.50706481933594,136.61186954840352,136.03143340453232,136.3458352907105,72727800
2013-09-16,137.2970733642578,138.04680837366683,137.0794067742975,137.9823141136407,106299200
2013-09-17,137.90977478027344,137.94201576260323,137.418016767836,137.418016767836,82523300
2013-09-18,139.5059051513672,139.8848011037517,137.51469018492705,137.86133286846044,203460600
2013-09-19,139.27220153808594,139.94938530809625,139.13515580991233,139.8848910299512,146616900
2013-09-20,138.2984619140625,139.60270632889512,138.185049893685,139.60270632889512,132867100
2013-09-23,137.658447265625,138.24171245919476,137.22100455093758,138.11210758583022,104616500
2013-09-24,137.33445739746094,138.14454681164332,137.075235212634,137.6341865251937,106333100
2013-09-25,136.93748474121094,137.69897063265253,136.81597629512189,137.42354324752978,117306500
2013-09-26,137.46405029296875,137.8528896817455,136.94559365427267,137.1643212183889,77146900
2013-09-27,136.83218383789062,137.01850091201436,136.4757425754059,136.77547165477645,99141800
2013-09-30,136.1031494140625,136.5324959137136,135.406471862763,135.67380291441137,143937000
2013-10-01,137.18057250976562,137.3101898148707,136.07075369214638,136.2084674434506,127160000
2013-10-02,137.05093383789062,137.18055112278788,135.9573204441547,136.37857043957848,113350000
2013-10-03,135.7871551513672,136.85647888693538,135.15528652979722,136.73495808372212,176698000
2013-10-04,136.8159942626953,136.95370797334215,135.7142722165377,135.8924928681943,96878000
2013-10-07,135.63320922851562,136.4595035542197,135.48739912685053,135.62511278763816,96295000
2013-10-08,134.05357360839844,135.78716421215032,133.95636684812618,135.60894357766335,178015000
2013-10-09,134.15084838867188,134.63689475267498,133.28404654667006,134.31286384333956,168973000
2013-10-10,137.04281616210938,137.11572123820028,135.4712408189083,135.51984420296895,195955000
2013-10-11,137.92579650878906,137.97441224886492,136.71877139134,136.83218339622076,105040000
2013-10-14,138.47666931152344,138.59008132104302,136.96990269305934,137.0752182593925,112106000
2013-10-15,137.47219848632812,138.64682589857324,137.28588134504437,138.1283690647071,155485000
2013-10-16,139.39207458496094,139.46497965679012,138.23364043497497,138.29844906359492,161676000
2013-10-17,140.32366943359375,140.404683307928,138.80069759517886,138.8249992852828,129389000
2013-10-18,141.2714385986328,141.36864533576923,140.55855623035566,140.84209236164193,138316000
2013-10-21,141.2795867919922,141.56312302714088,140.96365241958983,141.32009373429676,104104000
2013-10-22,142.09776306152344,142.51900058570521,141.30386667006567,141.69271842297692,126663000
2013-10-23,141.4173126220703,141.67653480259875,140.92315759317393,141.61172616722084,105484000
2013-10-24,141.88717651367188,142.06539719950058,141.3687197078934,141.70085938248195,70350000
2013-10-25,142.5352325439453,142.57573948758738,141.90336377827674,142.17879121746896,93625000
2013-10-28,142.76197814941406,142.95640395547153,142.33263197689203,142.48655086156538,84979000
2013-10-29,143.52354431152344,143.58025650548115,142.88357909404925,143.0861014536401,87401000
2013-10-30,142.81065368652344,143.79896373509314,142.3003057742827,143.69366051944706,140002000
2013-10-31,142.4056854248047,143.2967891799976,142.1950665194817,142.6973182573233,133795000
2013-11-01,142.745849609375,143.069880404544,141.94385670400538,142.59193065532585,142805000
2013-11-04,143.24813842773438,143.30483826924143,142.55955735710157,143.13472638373452,85677000
2013-11-05,142.79444885253906,143.18328826766478,142.22738879694276,142.6891332847204,85825000
2013-11-06,143.52354431152344,143.79087530950142,143.01318400983968,143.41013228459192,87348000
2013-11-07,141.70896911621094,143.90431739151728,141.57125536624505,143.79090534089914,157000000
2013-11-08,143.6207275390625,143.63693278624805,141.6441200167874,141.66031290299117,136713000
2013-11-11,143.6450653076172,143.81517716771646,143.31292567087345,143.48303753097272,62614000
2013-11-12,143.35342407226562,143.67745488427704,142.87546193722153,143.3372188233701,83990000
2013-11-13,144.50369262695312,144.54418719177278,142.64858172982156,142.64858172982156,103844000
2013-11-14,145.2247314453125,145.3462399119619,144.3984367891464,144.6333572783297,103435000
2013-11-15,145.85658264160156,145.91328246555364,145.2733173499073,145.4596344300096,102818000
2013-11-18,145.34622192382812,146.2211198583761,145.02219114554302,146.09961140676467,104796000
2013-11-19,145.03028869628906,145.71076075247382,144.7791629870529,145.2733179623499,93891000
2013-11-20,144.57666015625,145.75938379040758,144.17971188945268,145.3219409412907,124909000
2013-11-21,145.74317932128906,145.8565913369362,144.89258302344425,144.98169334723718,92841000
2013-11-22,146.4722442626953,146.48844950975996,145.6297568300596,145.79986866080233,81296000
2013-11-25,146.32644653320312,146.76388935319787,146.11581538644253,146.73149121730236,79486000
2013-11-26,146.3668975830078,146.80435263388532,146.14818241854817,146.39930807024717,86994000
2013-11-27,146.723388671875,146.82060780567454,146.34264566370044,146.5208663211857,58800000
2013-11-29,146.62619018554688,147.23375727195108,146.4641747680359,146.88542474235166,55870900
2013-12-02,146.24545288085938,146.9745284686916,146.01862881526782,146.6991010120425,99726000
2013-12-03,145.61355590820312,146.13201258083618,145.14370261722598,145.76747485743488,116563000
2013-12-04,145.5973358154297,146.20490274614454,144.47942106838136,145.0869879990962,123033000
2013-12-05,144.95736694335938,145.6054407912819,144.81965325933518,145.33810986547707,106934000
2013-12-06,146.57757568359375,146.7152893960865,145.93759814561693,146.35884808799557,127728000
2013-12-09,146.9502410888672,147.1689687309188,146.75582750569745,147.00695329128214,70124000
2013-12-10,146.42361450195312,146.91776938005034,146.3345042006248,146.60993154619257,80976000
2013-12-11,144.77919006347656,146.50468457812812,144.60096939243348,146.48038288307535,130591000
2013-12-12,144.3012237548828,144.8925855352242,144.00148228184716,144.71436488454881,115565000
2013-12-13,144.28501892089844,144.73057054886704,144.0095915003298,144.6009532823702,107808000
2013-12-16,145.18423461914062,145.66218443590947,144.92500005758072,144.96550700294748,96195000
2013-12-17,144.7224578857422,145.3381337046966,144.39842708912175,145.31383201299917,89886000
2013-12-18,147.1932830810547,147.2175847810398,143.64509891237466,144.94123490186516,234906000
2013-12-19,147.02310180664062,147.19321362626718,146.3912331832087,146.7719637569856,136531200
2013-12-20,147.87835693359375,148.22859304114903,147.0720222166502,147.16975674522672,197087000
2013-12-23,148.66839599609375,148.7579901143698,148.2937387219157,148.60323550752096,85598000
2013-12-24,148.994140625,149.05930109372395,148.66835070946897,148.67649110752623,45368800
2013-12-26,149.7516632080078,149.8331169243284,149.31184545291643,149.32812625370678,63365000
2013-12-27,149.7435302734375,150.01230020889273,149.58877566156806,149.9471521462988,61814000
2013-12-30,149.71913146972656,149.88202652028872,149.52364995219452,149.75984591129532,56857000
2013-12-31,150.4276580810547,150.4276580810547,149.8086397928397,149.92267994327057,86119900
2014-01-02,148.98602294921875,149.92269084837943,148.62764653062445,149.8493775423284,119636900
2014-01-03,148.96163940429688,149.53993107928554,148.74987709851942,149.23856221064312,81390600
2014-01-06,148.5299530029297,149.5073355963138,148.3018974787432,149.45032792931414,108028200
2014-01-07,149.44216918945312,149.6946583363816,149.0104917908799,149.12451954846352,86144200
2014-01-08,149.47476196289062,149.72725112048178,148.96163081804798,149.4177418676441,96582300
2014-01-09,149.5724639892578,149.97156728496907,148.88829756354536,149.95527405728316,90683400
2014-01-10,149.97975158691406,150.04491208864022,149.0593765886629,149.82499694882637,102026400
2014-01-13,147.9842529296875,150.01231908459349,147.69917730057415,149.59693488580302,149892000
2014-01-14,149.5968780517578,149.67833175144315,148.1959589281799,148.47288162216654,105016100
2014-01-15,150.40328979492188,150.63134533867608,149.62952902660626,149.9471787074135,98525800
2014-01-16,150.20777893066406,150.4032603991451,149.72723430225238,150.0937511810733,72290600
2014-01-17,149.5724639892578,150.23219678748706,149.31183448673983,149.94713365748586,107848700
2014-01-21,150.01226806640625,150.49282502874257,149.09190584937838,150.43580495107432,88621200
2014-01-22,150.11000061035156,150.32991564471283,149.7923510843137,150.2647551742321,61270900
2014-01-23,148.8801727294922,149.37701062855635,148.09013124549864,149.35257699647892,132496900
2014-01-24,145.70367431640625,147.95980826322685,145.6548070529094,147.91094099973,208677100
2014-01-27,144.9868927001953,146.2167765866111,144.26199943581602,145.84210692691246,180843100
2014-01-28,145.85032653808594,146.03765523966578,145.0765532374583,145.09284647223382,110463200
2014-01-29,144.44932556152344,145.42670782193505,144.066515541748,144.63665415798064,216597300
2014-01-30,145.98056030273438,146.45296444429718,145.19050660040745,145.65477034280363,118938100
2014-01-31,145.1253662109375,146.0294477671914,144.0991165098217,144.1724173967388,194677900
2014-02-03,141.85928344726562,145.28012839083854,141.58236068573999,144.9543383688193,254837100
2014-02-04,142.85292053222656,143.2194373148863,141.81037783003967,142.49454414808307,165012400
2014-02-05,142.6737518310547,142.991401409833,141.4846072245886,142.35610225227637,164230500
2014-02-06,144.5552215576172,144.5552215576172,142.71448449136102,143.00770045509216,132877600
2014-02-07,146.34706115722656,146.50181572115108,144.7588135265861,145.2312176166387,170787200
2014-02-10,146.6159210205078,146.66480072031405,145.96434082690462,146.36343183127224,92218800
2014-02-11,148.2204132080078,148.5950828794476,146.64030566739495,146.738052606257,117814100
2014-02-12,148.2937469482422,148.91275298188336,148.00053094744518,148.44034873459412,94717700
2014-02-13,149.05929565429688,149.2140502083579,147.28371955169587,147.29185994945607,100542200
2014-02-14,149.88197326660156,150.15889599697502,148.78241031681873,148.92087168200544,96498400
2014-02-18,150.0611572265625,150.26477906866037,149.5806002338624,150.01227754486263,80460900
2014-02-19,149.0675048828125,150.6394597833955,148.945324301651,149.67021767540817,126524300
2014-02-20,149.9470672607422,150.28915032212362,148.72533671520029,149.27104153417204,104998100
2014-02-21,149.7760467529297,150.59053393140624,149.70274588960794,150.2321575843825,118116400
2014-02-24,150.60682678222656,151.61678292706242,150.02853541858022,150.0936958840677,114063900
2014-02-25,150.54981994628906,151.1606853823244,150.05298222785675,150.72900813510657,117085000
2014-02-26,150.5580291748047,151.16889483968257,150.13449216728978,150.76979146451527,98677200
2014-02-27,151.34803771972656,151.38875214270342,150.1670211792368,150.33806898248176,93880800
2014-02-28,151.7308807373047,152.43134052981128,150.72092412584894,151.3236369609193,150842000
2014-03-03,150.6638641357422,151.0466741784235,149.66204819098218,150.3950818231304,167748500
2014-03-04,152.78155517578125,153.10734517988172,152.1055291105854,152.13810313975864,167545900
2014-03-05,152.92001342773438,153.1806553681685,152.67566471560033,152.9118730276302,88376900
2014-03-06,153.27024841308594,153.62048449299027,152.9444583914894,153.2946944713937,82516500
2014-03-07,153.33543395996094,153.90558523306376,152.6594077479889,153.90558523306376,114513500
2014-03-10,153.25396728515625,153.31097494617248,152.3743193150085,153.09921267539517,74939200
2014-03-11,152.49652099609375,153.7019716802858,152.1462972680226,153.48205653237173,99009100
2014-03-12,152.5372314453125,152.59425154082098,151.41323461929105,151.7553303361538,104824400
2014-03-13,150.82676696777344,153.11548694372624,150.40324247866621,152.99330637994862,155014300
2014-03-14,150.40328979492188,151.33180520251966,150.22410152081574,150.55804443420402,153919600
2014-03-17,151.76345825195312,152.12183474253922,151.0955725325712,151.16073302432258,98359500
2014-03-18,152.84674072265625,153.05036261562748,151.9100725581322,152.07298001498444,101804600
2014-03-19,152.03225708007812,153.07480020478798,151.06301485598982,152.86302547664437,176267300
2014-03-20,152.92001342773438,153.03404116965135,151.42949995461768,151.69828229515593,117241000
2014-03-21,152.32688903808594,154.63388662027313,152.18781657491718,153.5622010347812,163128000
2014-03-24,151.69696044921875,153.03862710017503,151.03431593396604,152.8504592261844,121411000
2014-03-25,152.41680908203125,152.93220457987178,151.56600955320164,152.46589198983762,103852000
2014-03-26,151.32066345214844,153.25951424494946,151.2797568461221,153.01408709173504,119843000
2014-03-27,151.00161743164062,151.62335542401766,150.4453150317715,151.1406899108719,142383000
2014-03-28,151.74606323242188,152.50687364379465,151.3451984831206,151.43518801937424,101642000
2014-03-31,152.9895477294922,153.22679855794277,151.7706132405654,152.71140277739622,99745000
2014-04-01,154.0039825439453,154.09397209016794,152.98137973820863,153.48858673531183,89193000
2014-04-02,154.5194091796875,154.72392978163734,153.91402370405507,154.20035753996362,78774000
2014-04-03,154.31484985351562,154.79751535708849,153.84036067810806,154.75660875037437,77435000
2014-04-04,152.49050903320312,155.19018264721154,152.24509437251942,155.15746485343476,169381000
2014-04-07,150.80528259277344,152.37599905256263,150.494419818706,152.12239554623994,140803000
2014-04-08,151.42703247070312,151.67244716421365,150.19172025962462,150.73983388003938,112660000
2014-04-09,153.05502319335938,153.10410613687245,151.39431702878906,151.8360884862985,100254000
2014-04-10,149.83998107910156,153.12048713401543,149.65181313222286,153.04686271112234,172959000
2014-04-11,148.49005126953125,150.05259080065846,148.32643737499657,149.0054468961085,167251000
2014-04-14,149.66000366210938,150.0117731197091,148.43288000136127,149.65181484861805,132382000
2014-04-15,150.69073486328125,150.79708954108472,148.49009180467453,149.97083103421977,157093000
2014-04-16,152.2696075439453,152.2777838701344,151.05883718915592,151.7296704248858,105197000
2014-04-17,152.4823455810547,152.90775183373273,151.80333583562722,152.0651281397196,105255000
2014-04-21,153.0141143798828,153.0632098056361,152.33511702711806,152.52327246886205,68329000
2014-04-22,153.70947265625,154.12669010772686,153.0877346433335,153.1695353781427,85790000
2014-04-23,153.34954833984375,153.73404807890697,153.2268409690564,153.65224732603113,73869000
2014-04-24,153.660400390625,154.11852448279578,152.92411882854026,154.10215934151958,88170000
2014-04-25,152.4005584716797,153.25137112278097,152.05696537590865,153.1613815632019,100380000
2014-04-28,152.88319396972656,153.5458385043473,151.3124777624552,153.02226643525685,135121000
2014-04-29,153.5949249267578,153.83216325971566,153.0468113796994,153.37403924921566,84098000
2014-04-30,154.0530548095703,154.2084924225457,153.12861794268102,153.3413273006236,101508000
2014-05-01,154.0694122314453,154.48662963252602,153.57855795010326,153.97942269596402,93019000
2014-05-02,153.84854125976562,154.73207156085408,153.6194792353661,154.05306181604692,98122000
2014-05-05,154.1430206298828,154.24937529248814,152.67047042163912,153.09587658911877,75883000
2014-05-06,152.80136108398438,153.90577682141364,152.7686432951673,153.79942216261108,85454000
2014-05-07,153.70130920410156,153.77493361648112,152.17148678796886,153.31680951774774,106500000
2014-05-08,153.53762817382812,154.6584090343877,153.0467864495082,153.5621821188381,93618000
2014-05-09,153.76673889160156,153.8321744839248,152.84230199250007,153.5622183374955,83679000
2014-05-12,155.26385498046875,155.33749188435107,153.799492960206,154.4539613842856,86940000
2014-05-13,155.40289306640625,155.77920387067275,155.24745545827494,155.46832865441013,66454000
2014-05-14,154.66665649414062,155.33749005372698,154.44577075099062,155.26385315071246,72367000
2014-05-15,153.30860900878906,154.3884835730816,152.5559748350145,154.35575329255755,154956000
2014-05-16,153.84036254882812,153.90581062377782,152.75231170830915,153.3985911636536,97458000
2014-05-19,154.4048309326172,154.52753826309055,153.40676970162355,153.5458421704744,63839000
2014-05-20,153.4313201904297,154.34756826636007,153.03864422688005,154.33120312702025,111644000
2014-05-21,154.723876953125,154.79750134878157,153.8485230838437,153.87306454906255,89093000
2014-05-22,155.1002197265625,155.41927132314513,154.50302314484532,154.7648029888116,61549000
2014-05-23,155.7219696044922,155.82831181427426,155.10021907217325,155.23929156415377,61092800
2014-05-27,156.67916870117188,156.7282516554057,156.2128556700531,156.30284524713136,72010000
2014-05-28,156.56459045410156,156.92454865391326,156.3027981331676,156.67912147377393,66723000
2014-05-29,157.3744659423828,157.39900740929863,156.52366596243212,156.92453072696338,64377000
2014-05-30,157.62811279296875,157.72629117058884,157.09636421955986,157.2272604010887,76316000
2014-06-02,157.80799865722656,157.88163551765894,157.0471884572549,157.84890525014686,64656000
2014-06-03,157.7262420654297,157.80804279120787,157.27629438334904,157.42354317951558,65047000
2014-06-04,158.0453338623047,158.13532342164197,157.29269958555028,157.45631356172362,55529000
2014-06-05,159.0760498046875,159.23966371571177,157.64440623807792,158.22524997759652,92103000
2014-06-06,159.8368682861328,159.8777624005815,159.34601408333953,159.41963846887626,78696000
2014-06-09,160.00051879882812,160.38501843296527,159.6651020996117,159.81236338731753,65119000
2014-06-10,160.01687622070312,160.04959401475773,159.46057385822954,159.80416686904712,57129000
2014-06-11,159.46060180664062,159.62421577147634,159.10064359423484,159.44423666527345,68772000
2014-06-12,158.33160400390625,159.36239543809344,157.97983469302423,159.27240590785397,106350000
2014-06-13,158.81423950195312,158.9696770565633,158.135230042989,158.64243681450534,82017000
2014-06-16,158.94515991210938,159.28057655676668,158.42977669633095,158.61793207723605,87424000
2014-06-17,159.386962890625,159.50149390388216,158.55251551806896,158.72431827942683,84834000
2014-06-18,160.5568084716797,160.64679801321802,159.03517507663227,159.38695691462527,105267000
2014-06-19,160.73678588867188,160.8349642402966,160.18049598888746,160.69587928240688,85929000
2014-06-20,161.06309509277344,161.19461844035132,160.8658100714066,161.1370722722522,100587000
2014-06-23,161.01377868652344,161.15351754127818,160.71785742270256,161.10419942110084,70611000
2014-06-24,160.04388427734375,161.52349128622816,159.86304272388216,160.72614785762832,96237000
2014-06-25,160.76719665527344,160.93159459170602,159.67393219099685,159.70680676117993,82782000
2014-06-26,160.6521453857422,160.80832784306483,159.57532428663652,160.79188428367277,84312000
2014-06-27,160.96446228027344,161.0137804009759,160.1999937811142,160.27397096216788,71445100
2014-06-30,160.88230895996094,161.25220752733577,160.72612649883885,160.86586540016884,70201200
2014-07-01,161.9591064453125,162.45231282499674,161.21930941854544,161.27684305527833,90470000
2014-07-02,162.12350463867188,162.32900520672774,161.9015730559582,161.97555025019608,52475000
2014-07-03,162.92088317871094,162.9948603889922,162.46056381327804,162.58385916374687,52938800
2014-07-07,162.3536376953125,162.7399797034368,162.1152625942021,162.6084688939055,61696000
2014-07-08,161.30972290039062,162.11528157766247,160.91515279732144,162.0577354007637,108143000
2014-07-09,162.03309631347656,162.18106325605933,161.3672764287547,161.71251590443418,72992000
2014-07-10,161.3919219970703,161.8193666876301,160.3397600993533,160.4712834722577,99040000
2014-07-11,161.61383056640625,161.7289103566906,160.93156733016465,161.293250254703,64243000
2014-07-14,162.4276580810547,162.641374161798,162.29613470393898,162.43587358858957,58658000
2014-07-15,162.12350463867188,162.83865514458265,161.40836667552037,162.52629026745473,111307000
2014-07-16,162.7235565185547,162.97014713751028,162.27966831891894,162.84685182803247,79986400
2014-07-17,160.8740997314453,162.838685020794,160.6439275136542,162.222183203516,145398000
2014-07-18,162.51808166503906,162.6824796179167,161.30973727011076,161.40015802560742,124330000
2014-07-21,162.2139434814453,162.34546686993164,161.46591832003523,162.00844289047072,67592000
2014-07-22,162.92088317871094,163.21680456259807,162.64962086491755,162.7647007062758,67678000
2014-07-23,163.28248596191406,163.45511191043545,162.83861037576108,163.16740617715175,65612000
2014-07-24,163.29074096679688,163.62776489753924,163.1263430263339,163.43870789314477,56888000
2014-07-25,162.52633666992188,162.97021250483832,162.205756193937,162.83047358379494,76837000
2014-07-28,162.592041015625,162.83041613971852,161.62207187742325,162.55915390300342,69259000
2014-07-29,161.89334106445312,163.12634444277,161.8686820003075,162.89618481557156,80466000
2014-07-30,161.91802978515625,162.68249854196583,161.2439943371228,162.46876988987907,104222000
2014-07-31,158.7204132080078,160.93160129194877,158.62177695059333,160.79186241302526,183479000
2014-08-01,158.23544311523438,159.27116150023147,157.47098699499452,158.28476124650663,189261000
2014-08-04,159.37799072265625,159.71501460249343,157.86550983043284,158.53954504735017,91340000
2014-08-05,157.83265686035156,159.13965004780147,157.2572577598049,158.72864889844533,152690000
2014-08-06,157.88197326660156,158.5560085683989,157.06818654902378,157.09284561233596,94818000
2014-08-07,157.02708435058594,158.75329404362202,156.63252679377374,158.59711161372007,135733000
2014-08-08,158.84371948242188,158.95057124596488,156.96132730387896,157.38055647921192,117014000
2014-08-11,159.3040313720703,160.01095377689018,159.2300541831697,159.4437702431354,74544000
2014-08-12,159.08204650878906,159.59168373655612,158.5970683376717,159.14780817410661,73632000
2014-08-13,160.15890502929688,160.33974651603052,159.43555162512044,159.70680131246277,69047000
2014-08-14,160.9151153564453,160.9151153564453,160.27395476658813,160.4219216565006,57371000
2014-08-15,160.88230895996094,161.6467651630182,159.72328257846019,161.4988107531727,139951000
2014-08-18,162.23033142089844,162.30430859802405,161.679591531036,161.770012261775,75424000
2014-08-19,163.0770263671875,163.20032168795547,162.29612673588622,162.6249226197734,59135000
2014-08-20,163.51260375976562,163.70988871585422,162.8221252275845,162.85499978222296,72763000
2014-08-21,163.98944091796875,164.20315697720568,163.5208936376791,163.65241700155954,67791000
2014-08-22,163.7346649169922,164.1456661291769,163.36476633457826,163.85796026354296,76107000
2014-08-25,164.56491088867188,164.88549138708578,163.70180568747634,164.51559274164876,63855000
2014-08-26,164.67172241210938,165.07450805486482,164.63061978852048,164.67172241210938,47298000
2014-08-27,164.60595703125,164.8690037821116,164.35113833057747,164.75391142154007,47874000
2014-08-28,164.51551818847656,164.6223824871083,163.89901654453914,164.06341447437083,58330000
2014-08-29,164.98406982421875,165.00050083770608,164.25248835576411,164.77034122129956,65907000
2014-09-02,164.90188598632812,165.2224663895527,164.28538424606862,165.1978073233631,72426000
2014-09-03,164.81146240234375,165.55948751129006,164.58130276001563,165.53482844552346,57462000
2014-09-04,164.5730438232422,165.69918267193995,164.12094016556028,165.09089661044462,85236000
2014-09-05,165.3128662109375,165.3786278933682,163.91546495187103,164.54018212082494,102177000
2014-09-08,164.88536071777344,165.39501043290406,164.40038259936622,165.15662285419285,64146000
2014-09-09,163.84149169921875,164.85255093752122,163.50446777219835,164.73747112619216,88591000
2014-09-10,164.45802307128906,164.5648748521861,163.38941746299182,163.9319295042102,67251000
2014-09-11,164.64703369140625,164.6716927525662,163.67706462900378,163.80037247756104,66774400
2014-09-12,163.68533325195312,164.49910755746382,163.21678588825617,164.48267654112257,117409300
2014-09-15,163.56204223632812,163.84153259883226,163.06884829727028,163.71000919797876,76401000
2014-09-16,164.7949981689453,165.0909194637778,163.16743731874575,163.25785806279896,116201000
2014-09-17,165.0169677734375,165.7814239199328,164.1949654433083,165.03341133201292,151266000
2014-09-18,165.89646911621094,165.92112817568244,165.30462660338156,165.5183426330535,94990000
2014-09-19,165.74703979492188,166.73805098056417,165.40844042106522,166.42423854263518,121649000
2014-09-22,164.46693420410156,165.4827320557646,164.12008101135842,165.4579577278106,125553000
2014-09-23,163.52545166015625,164.55775720152192,163.47590301039244,163.8723048098888,111393000
2014-09-24,164.80551147460938,164.91287528232752,163.12079439183245,163.5502244199332,107276000
2014-09-25,162.14633178710938,164.3843762811909,162.0885292156756,164.37610976999392,150300000
2014-09-26,163.4346160888672,163.83928441694502,162.21236979779337,162.4436052420131,103547000
2014-09-29,163.13734436035156,163.42639502440997,161.9068439137574,162.03071556898863,95112000
2014-09-30,162.70790100097656,163.7649810443573,162.36930170233745,163.26121535170023,131302000
2014-10-01,160.50289916992188,162.50144154143456,160.13952553848534,162.4436263721659,177798000
2014-10-02,160.52764892578125,161.0892171055728,158.85118569305732,160.36246995394956,157285000
2014-10-03,162.2950439453125,162.64189729257492,161.10582526818806,161.60132464939446,121569000
2014-10-06,162.1050262451172,163.18689322462095,161.51868365305506,162.9721655700166,104778000
2014-10-07,159.60275268554688,161.63433632581362,159.56972443998563,161.27096261768534,147913000
2014-10-08,162.39407348632812,162.625308954607,158.85945978390802,159.69355825152905,186461000
2014-10-09,159.1732635498047,162.3610236252587,159.04112541370418,162.13804209576236,210705000
2014-10-10,157.3564453125,159.92482286161498,157.31516315816106,159.1320189977321,221909000
2014-10-13,154.7715606689453,157.86021183030198,154.6807172464707,157.29038956356874,230939000
2014-10-14,155.01107788085938,156.7618775550296,154.4660172482953,155.60568718885793,215847000
2014-10-15,153.96221923828125,155.00279161074766,150.2376642294073,152.91340555681958,380715000
2014-10-16,153.83004760742188,154.91190180928962,151.0386893634191,151.17908140627202,270391000
2014-10-17,155.64695739746094,156.70403764460713,154.94498433583533,155.60566264064934,214625000
2014-10-20,157.1582794189453,157.28215110742036,155.31664890905867,155.36619758444868,130011000
2014-10-21,160.271728515625,160.3790797855022,158.13278061121298,158.29794707374148,154949000
2014-10-22,159.13198852539062,160.9653644364564,159.06591944915365,160.55244216101616,151822000
2014-10-23,160.98187255859375,162.030698668582,160.42855822062504,160.7258627635592,154944000
2014-10-24,162.2206268310547,162.27018808553078,160.61849910849344,161.24613638326835,117927000
2014-10-27,161.99765014648438,162.23713949209375,161.0644418866344,161.64253048067968,82954000
2014-10-28,163.85581970214844,163.86407361112427,162.46839430955617,162.54272989588966,106736000
2014-10-29,163.60809326171875,164.4421918683471,162.52623872596226,163.97146694425467,142557000
2014-10-30,164.6569061279297,165.12763101363868,163.02172468985256,163.17038327576367,113330000
2014-10-31,166.53988647460938,166.67202468367074,165.80488501362126,166.6389838307088,146903000
2014-11-03,166.6306915283203,167.19225988536223,166.25079741514057,166.75456319490596,93600000
2014-11-04,166.0526123046875,166.49030902033257,165.21850103037477,166.18473788951906,93343000
2014-11-05,167.10140991210938,167.30787108258536,166.36640864927045,167.2665763282122,91709000
2014-11-06,167.77032470703125,167.8611681166848,166.52330390304942,167.14268735030853,107089000
2014-11-07,167.92726135253906,168.14198904336564,167.32439823887503,167.78686926313185,89540000
2014-11-10,168.4557647705078,168.5053134264004,167.75380447638366,167.96026561019445,66319000
2014-11-11,168.62095642089844,168.72832025900985,168.18325975975273,168.52185909426603,54499400
2014-11-12,168.4392547607422,168.67049021948998,167.9024482589876,167.93548909674436,90120300
2014-11-13,168.6292266845703,169.1577667740195,167.81990242915523,168.60445235236094,85357900
2014-11-14,168.67050170898438,168.876962854172,168.24105899860538,168.55488397173482,80417500
2014-11-17,168.77780151367188,168.9512343674002,168.18319258858114,168.34837153551643,80441000
2014-11-18,169.75234985351562,170.05790830471685,168.8356618985241,168.8356618985241,76068100
2014-11-19,169.47987365722656,169.75240395788498,168.72009794087205,169.55419666611746,82373000
2014-11-20,169.77716064453125,169.88452449158467,168.6209704648366,168.68703955522403,72840300
2014-11-21,170.68557739257812,171.64356027365574,170.1074886199934,171.47839385311582,142327300
2014-11-24,171.16453552246094,171.27189934554315,170.8754974931139,171.09021253789064,65880800
2014-11-25,171.04066467285156,171.60223291627554,170.78465487944428,171.3957717794777,79108300
2014-11-26,171.47842407226562,171.57752142177517,170.97465820993813,171.18937333433962,62167800
2014-11-28,171.1149444580078,171.6682586527695,170.87545514439452,171.35444637300566,57890100
2014-12-01,169.92576599121094,170.56992371663227,169.61195363868995,170.45430598646402,103968400
2014-12-02,171.02423095703125,171.23069219849796,169.94237606796875,169.96715040883322,74507200
2014-12-03,171.68482971191406,171.89954476681433,171.03241803650175,171.19758443268566,68952000
2014-12-04,171.49496459960938,171.99873052098633,170.70214790642504,171.3958546370902,91316600
2014-12-05,171.77565002441406,172.16379793402245,171.4040225326193,171.66828621070508,91025500
2014-12-08,170.62774658203125,171.8747673423601,170.0661657234529,171.37926816273125,108588200
2014-12-09,170.51217651367188,170.61954036989653,168.3980158462396,168.77789739667955,125180100
2014-12-10,167.7786407470703,170.10751664353967,167.58868736083582,170.04971405745385,159856400
2014-12-11,168.6292266845703,170.28091603927277,168.23282476783083,168.37321685081378,159012800
2014-12-12,165.90390014648438,168.3236310702847,165.8708719112847,167.34912801316986,202330200
2014-12-15,164.76426696777344,167.2583214206421,164.1614038819672,166.80410432802515,189965800
2014-12-16,163.4429168701172,167.1509512647681,163.4016221175505,163.99623127062128,259543800
2014-12-17,166.64715576171875,167.10137275604583,163.75670001776638,163.88058425333938,253910100
2014-12-18,170.76815795898438,175.8801384257644,168.40624172494577,169.08344039549596,257633900
2014-12-19,171.4947967529297,172.1674210208342,170.73912713328366,171.42005086798565,245084600
2014-12-22,172.2836151123047,172.2836151123047,171.44491311270252,171.68572427286688,148318900
2014-12-23,172.51614379882812,172.91473350739588,172.22549781430553,172.8649113776922,122167900
2014-12-24,172.53280639648438,173.006129439513,172.4912837191452,172.7404071122381,42963400
2014-12-26,173.08909606933594,173.42956412934558,172.9313175697736,172.98113969154352,57326700
2014-12-29,173.32159423828125,173.52919484342763,172.8399593138294,172.9063930279885,79643900
2014-12-30,172.39163208007812,173.0310331342594,172.31688619567768,172.8981783117575,73540800
2014-12-31,170.6810302734375,172.88160586763078,170.55647488945905,172.71552779867804,130333800
2015-01-02,170.58963012695312,171.79372424609872,169.55162669385544,171.37852287285963,121465900
2015-01-05,167.50881958007812,169.709381481765,167.20157466159998,169.5433034899103,169632600
2015-01-06,165.93106079101562,168.3392233667999,165.13386868532214,167.81606565147172,209151400
2015-01-07,167.9987335205078,168.33920159823194,166.81126398675295,167.2596757769494,125346700
2015-01-08,170.9799346923828,171.19584753387758,169.39387494423588,169.41047387747284,147217800
2015-01-09,169.60975646972656,171.41172886127893,168.99525389209222,171.39511725892663,158567300
2015-01-12,168.28109741210938,169.90039276888027,167.67490700581124,169.7426142329127,144396100
2015-01-13,167.80776977539062,170.63113372951398,166.50403152706838,169.50178561367687,214553300
2015-01-14,166.794677734375,166.99397893304638,164.89306123027387,165.78988494694778,192991100
2015-01-15,165.26669311523438,167.74958824071888,165.15043728331472,167.43404393747144,176613900
2015-01-16,167.43411254882812,167.59189110057423,164.87647052758666,165.05916014845678,211879600
2015-01-20,167.79116821289062,168.33923703813153,166.2217076103842,168.07350209100636,130991100
2015-01-21,168.63818359375,169.11981868528147,166.8611223040703,167.3261457935656,122942700
2015-01-22,171.14602661132812,171.27888143287728,168.0154044258278,169.39387615079988,174356000
2015-01-23,170.20761108398438,171.1459700168589,170.07474363543025,170.88853458368385,117516800
2015-01-26,170.606201171875,170.69754595911,169.27756469592828,169.99171139496443,92009700
2015-01-27,168.35585021972656,169.50179734487202,167.52544750857834,168.5468392954275,134044600
2015-01-28,166.19677734375,169.64294309619982,166.0057882919043,169.54329883800872,168514300
2015-01-29,167.73304748535156,167.99047029738128,164.9844038793491,166.39609861915292,173585400
2015-01-30,165.62379455566406,167.88249062115358,165.3580723149266,166.5538540755902,197729700
2015-02-02,167.67491149902344,167.7662563027714,164.30347856768063,166.12206250624723,163107000
2015-02-03,170.09967041015625,170.10798254579447,168.19805397695674,168.57173262346143,124212900
2015-02-04,169.4519500732422,170.54808757140913,168.9952261156726,169.33569421776428,134306700
2015-02-05,171.16258239746094,171.3120614565671,170.04154647338692,170.11627966747085,97953200
2015-02-06,170.6892852783203,172.09266793246513,170.1661274988381,171.52798748190747,125672000
2015-02-09,169.92527770996094,170.76397972317702,169.51837589928564,170.04153356001996,87219000
2015-02-10,171.73561096191406,171.99303381743493,169.9668488410305,170.96334239535142,96164200
2015-02-11,171.83518981933594,172.2670026837243,170.92175463693937,171.56946759805336,91087800
2015-02-12,173.48776245117188,173.5458967329082,171.86847942272968,172.63244852663723,97545900
2015-02-13,174.20184326171875,174.251665386607,173.35482912580744,173.61226455595855,93670400
2015-02-17,174.47586059570312,174.6502506867336,173.63715867639786,173.88626927653294,76968200
2015-02-18,174.49249267578125,174.56722586459446,173.8364675625878,174.1022024618402,80652900
2015-02-19,174.36795043945312,174.7333296444128,173.7534605683294,173.8946275028021,91462500
2015-02-20,175.41429138183594,175.4890245925324,173.3299722521773,173.95277434986343,140896400
2015-02-23,175.389404296875,175.389404296875,174.78320104914857,175.16519196318245,74411100
2015-02-24,175.88760375976562,176.0869049805219,175.01567834149998,175.3146238371642,72472300
2015-02-25,175.7381134033203,176.24465951665343,175.39764528251933,175.7630244686532,73061700
2015-02-26,175.53050231933594,175.80453669266015,174.9242993097379,175.64675817429733,72697900
2015-02-27,174.93260192871094,175.69657074417432,174.88277980371464,175.43083584961113,108076000
2015-03-02,176.03707885742188,176.0952004594888,174.98246384507556,175.03228598140151,87491400
2015-03-03,175.31459045410156,176.086871450403,174.45097733715266,175.60523642849265,110325800
2015-03-04,174.57554626464844,174.79145906391878,173.60397668074862,174.71671319520425,114497200
2015-03-05,174.7664794921875,175.04881324262857,174.2599335653684,174.89933423473192,76873000
2015-03-06,172.30856323242188,174.33474788284266,171.97640721504857,173.90293492350548,188128000
2015-03-09,173.02272033691406,173.37978744322373,172.35009612572375,172.50787467816406,89818900
2015-03-10,170.21592712402344,171.7355654536372,170.17440445843954,171.65253279340791,157121300
2015-03-11,169.8173828125,170.64778566243888,169.73433745912934,170.47339548873725,110145700
2015-03-12,171.9763946533203,172.04281571519147,170.39862200869325,170.44844414056607,93993500
2015-03-13,170.92176818847656,172.6656060409141,169.88376494145254,171.70234865758871,162410900
2015-03-16,173.20541381835938,173.29675863123194,170.94671723727524,171.65256467046686,136099200
2015-03-17,172.69049072265625,173.07246873545256,171.8766872379533,172.46627852414133,94510400
2015-03-18,174.7664794921875,175.43910335038757,171.57772492337628,172.21713826367375,228808500
2015-03-19,173.96939086914062,174.77488261858238,173.57910052988777,174.35138174172866,117917300
2015-03-20,175.5050048828125,176.0138122504992,174.73762557421168,174.92113070534475,177715100
2015-03-23,175.16297912597656,176.088841096171,175.16297912597656,175.51330355692855,71784500
2015-03-24,174.1787567138672,175.49663856009542,174.1120264247225,175.03788850441532,77805300
2015-03-25,171.6263427734375,174.62080514368165,171.58464748611448,174.3872555336764,159521700
2015-03-26,171.21766662597656,172.13517947161392,170.25843303087674,170.95909470831967,153067200
2015-03-27,171.6096954345703,171.78485130454047,170.90903377218643,171.10088812358376,118939000
2015-03-30,173.70326232910156,174.00354218724578,172.62726692845854,172.64393995071808,96180400
2015-03-31,172.18521118164062,173.57818519187686,172.12683013724472,172.87752356662315,126768700
2015-04-01,171.5762939453125,172.17685370669852,170.58370176392452,172.15183144393234,137303600
2015-04-02,172.19354248046875,172.64395594566557,171.32606159768352,171.50956667952272,86900900
2015-04-06,173.35299682617188,173.87014069681197,171.16763378314215,171.30108164403163,114368200
2015-04-07,172.89419555664062,174.12867390596068,172.86083678071282,173.37798053634026,81236300
2015-04-08,173.47804260253906,173.92011949792763,172.72734934970873,173.1193817252416,89351900
2015-04-09,174.24545288085938,174.4790025004388,172.8191328989635,173.3112544025416,85548900
2015-04-10,175.19631958007812,175.23802759243654,174.29549269612804,174.49567079145098,72722900
2015-04-13,174.40394592285156,175.68848163327957,174.3539013910817,175.0545502908604,74436600
2015-04-14,174.7375946044922,174.92109970310165,173.57818296918722,174.20376506149208,75099900
2015-04-15,175.52157592773438,176.03038299978874,175.12120711402616,175.20462311698395,99529300
2015-04-16,175.47154235839844,175.98034946217922,174.98775751156623,175.1879482946507,68934900
2015-04-17,173.4530487060547,174.5207077292204,172.66898382677687,174.27882160119827,191113200
2015-04-20,175.037841796875,175.37148042606813,174.2954850285471,174.37888832209643,92189500
2015-04-21,174.8292999267578,175.88027297602812,174.52902009446674,175.72179018572217,72559800
2015-04-22,175.68850708007812,175.8720122081468,174.24548832503785,175.17135047938353,78264600
2015-04-23,176.13052368164062,176.78112792054011,175.17129034557237,175.28806513902873,102585900
2015-04-24,176.53929138183594,176.80621256248196,176.08887779887377,176.54764062342014,61327400
2015-04-27,175.80520629882812,177.23152595739123,175.61335201177243,177.10641466365652,79358100
2015-04-28,176.3640594482422,176.4141039661593,174.60408844567377,175.7801855267141,86863500
2015-04-29,175.638427734375,176.23897481108523,174.82934057391154,175.4715956673724,125684900
2015-04-30,173.8784942626953,175.45496091071072,173.17783251996426,175.062928377249,161304900
2015-05-01,175.76353454589844,175.8052425615786,174.56241496830697,174.6625040239398,103399700
2015-05-04,176.26397705078125,176.84785099429894,176.08047199317608,176.18889754358102,70927200
2015-05-05,174.24545288085938,176.38078368879954,174.1036558066504,176.02211001962414,113326200
2015-05-06,173.52809143066406,175.10455748274538,172.4604325555771,174.79594111764146,135060200
2015-05-07,174.22039794921875,174.64580181957996,173.0943580789918,173.42799669368927,88244900
2015-05-08,176.51422119140625,176.7144120225423,175.81357237367857,175.89698840185997,155877300
2015-05-11,175.6717987060547,176.7394578259872,175.59673190719238,176.4725494097544,75708100
2015-05-12,175.14633178710938,175.68851066838673,174.01194221201678,174.83771530519164,119727600
2015-05-13,175.17967224121094,176.1806010470727,174.94612261075986,175.55501895247156,94667900
2015-05-14,177.00636291503906,177.0981154589378,175.92201814009934,176.19727577179555,95934000
2015-05-15,177.19818115234375,177.33997820558304,176.71439623261674,177.19818115234375,76510100
2015-05-18,177.7487335205078,177.99895618003185,176.96466858066458,177.0313988657045,74549700
2015-05-19,177.69032287597656,178.14074907535127,177.4067287371106,177.86549144851102,72114600
2015-05-20,177.56520080566406,178.31589412249807,177.24823518289043,177.79040116421515,76857500
2015-05-21,178.08230590820312,178.29083319849377,177.25653325675376,177.42336527098286,64764600
2015-05-22,177.65695190429688,178.11570185670502,177.59022163017426,177.69864718906243,57433500
2015-05-26,175.74691772460938,177.5903058296802,175.32986285923178,177.16490172139223,124308600
2015-05-27,177.4150390625,177.64858863974092,175.79686504340404,176.20558316732436,93214000
2015-05-28,177.21495056152344,177.3233761666579,176.5226379906478,177.10651222888512,74974600
2015-05-29,176.11386108398438,177.18985662746263,175.8469526899237,177.148161338781,124919600
2015-06-01,176.47250366210938,177.11475863366007,175.6800896767591,176.7811200179843,93338800
2015-06-02,176.29736328125,176.98967561050338,175.38818708991096,176.0137691398689,91531000
2015-06-03,176.76446533203125,177.39004739198074,176.2723438328042,176.8311956123925,87820900
2015-06-04,175.27139282226562,176.71439836024885,174.95442721268049,176.05545760755646,151882800
2015-06-05,174.9711151123047,175.6467416231442,174.3121616240181,175.12124868026984,121704700
2015-06-08,173.89512634277344,175.01284262577803,173.82005955042598,174.86269631358357,89063300
2015-06-09,173.87008666992188,174.41226536897793,173.23616816329297,173.87008666992188,105034700
2015-06-10,175.95538330078125,176.33907924214358,174.579107819862,174.6374888621889,134551300
2015-06-11,176.52256774902344,176.90625092683163,176.163894106291,176.39744370865216,73876400
2015-06-12,175.1713409423828,176.39748299158478,174.89608326526587,175.69683402846982,135382400
2015-06-15,174.42059326171875,174.70418736428965,173.3195628952703,174.02856087919523,124384200
2015-06-16,175.37152099609375,175.45493703643822,174.09533448932817,174.27049035555046,85308200
2015-06-17,175.65509033203125,176.26399933994583,174.62913936386548,175.65509033203125,126708600
2015-06-18,177.48178100585938,177.94888019106634,175.68845104961866,176.25563928094192,165867900
2015-06-19,176.6939239501953,177.31417192631662,176.31675148460374,177.23873999108014,130478700
2015-06-22,177.59912109375,178.18583515828453,177.38957944288714,177.6158880068531,70696000
2015-06-23,177.7248992919922,178.06017371704328,177.330972625351,177.80872109560786,68476800
2015-06-24,176.43409729003906,177.83383419936868,176.40895331120274,177.45666172741434,92307300
2015-06-25,175.89764404296875,177.0626951110581,175.8222121180597,176.93697523620966,97107400
2015-06-26,175.8641357421875,176.50113780323016,175.31094267397742,176.25806230837648,104174800
2015-06-29,172.1761932373047,175.87251126608828,172.10076130759276,174.3805756389916,202621300
2015-06-30,172.53660583496094,173.7687118037401,172.05884471712878,173.71841106285686,182925100
2015-07-01,173.91958618164062,174.36381349909647,173.1317074557654,174.11236093709672,135979900
2015-07-02,173.76036071777344,174.56500648911836,173.3412773094379,174.39737568366627,104373700
2015-07-06,173.26580810546875,174.04529693843062,172.26838776181464,172.4695523587441,117975400
2015-07-07,174.35546875,174.48118865959543,171.07823335282936,173.46701395042987,173820200
2015-07-08,171.43023681640625,173.29934500568518,171.19555115987836,173.01437139267406,164020100
2015-07-09,171.74038696289062,173.79390603088984,171.6314339663267,173.5340635574553,144113100
2015-07-10,173.90281677246094,174.32190010664615,171.78225612463643,173.7435630591652,129456900
2015-07-13,175.82220458984375,175.93115754691155,175.12652480351883,175.16843568980963,106069400
2015-07-14,176.58497619628906,176.89510661068846,175.72166541098707,175.78034322620687,81709600
2015-07-15,176.52630615234375,177.08787636054845,176.04854494854283,176.62688207339232,97914100
2015-07-16,177.9427947998047,177.9427947998047,177.33931374643913,177.58237646460157,106683300
2015-07-17,178.09368896484375,178.15236678334605,177.52374164493582,177.93443521680734,89030000
2015-07-20,178.18585205078125,178.6803673242412,177.8673574080726,178.31996178950521,70446800
2015-07-21,177.48179626464844,178.31158589033262,177.18005574525498,178.05174347383124,77965000
2015-07-22,177.1632537841797,177.4985280668536,176.76093743437715,176.79445846794147,88667900
2015-07-23,176.16586303710938,177.39796905449916,175.80545751104444,177.29739314758027,90509100
2015-07-24,174.3386688232422,176.32511975520399,174.00340726819167,176.26645473830396,117755000
2015-07-27,173.32452392578125,173.96153894141415,172.88029650141178,173.4502566317459,132361100
2015-07-28,175.4534454345703,175.5959322458163,173.3328846029168,174.16266149131457,123544800
2015-07-29,176.6603546142578,176.88665035810365,175.43662591196318,175.5791126804828,105791300
2015-07-30,176.70228576660156,176.86991652588898,175.52884487277532,176.14909275048663,91304400
2015-07-31,176.43409729003906,177.23035312847801,176.14912367028774,177.2052091496417,103266900
2015-08-03,175.83897399902344,176.45922191758902,174.88346453980012,176.4005569032075,113965700
2015-08-04,175.49537658691406,176.22457764317085,175.00923828627256,175.76358332450985,81820800
2015-08-05,176.0736846923828,177.11300321447916,175.78869829461908,176.3921793413758,85786800
2015-08-06,174.63206481933594,176.36706351362938,174.04533780454588,176.2580977326979,116030800
2015-08-07,174.29673767089844,174.62362212536794,173.3915162301966,174.4727582799545,117858000
2015-08-10,176.4927520751953,176.57656106391298,175.4115099686534,175.4115099686534,80270700
2015-08-11,174.9002685546875,175.5708045676496,174.13753368007548,175.1517211582246,126081400
2015-08-12,175.1098175048828,175.29421523581243,172.12594555261967,173.59273754629822,172123700
2015-08-13,174.89187622070312,175.63784411277194,174.34706016237268,174.95054124240696,89383300
2015-08-14,175.5288543701172,175.60428629746687,174.55657800847317,174.69906480104737,72786500
2015-08-17,176.50953674316406,176.50953674316406,174.4727976342311,174.93379191487742,79072600
2015-08-18,175.99827575683594,176.5849900078712,175.76359005642183,176.23296145725004,71692700
2015-08-19,174.60690307617188,176.02339413713827,173.7938803074875,175.25228226373437,172946000
2015-08-20,170.96084594726562,174.58171908337056,170.90216814514122,173.0897835277865,194327900
2015-08-21,165.81451416015625,170.93571303467735,165.55468453829255,169.08335906329378,346588500
2015-08-24,158.83261108398438,165.521178671552,152.88162159515264,157.1479003938249,507244300
2015-08-25,156.96347045898438,163.81966744422957,156.67010701883777,163.80290053037342,369833100
2015-08-26,162.9899139404297,163.2664977168265,157.88546864695817,160.9950729570176,339257000
2015-08-27,167.02146911621094,167.14718899583232,163.61851462077476,165.1355941854429,274143900
2015-08-28,167.02984619140625,167.49921746123985,165.88993905492126,166.37607723850832,160414400
2015-08-31,165.68038940429688,166.9041182611144,165.1271963817873,166.0491847526366,163298800
2015-09-01,160.73519897460938,163.24969856359996,159.86349862169178,161.8667161160114,256000400
2015-09-02,163.7861785888672,163.8280894870388,161.28005523536754,163.1240196502233,160269300
2015-09-03,163.9035186767578,165.99893565603261,163.40900333910741,164.4986099368021,152087800
2015-09-04,161.42250061035156,162.48697576142223,160.60110093261716,161.640432109123,207081000
2015-09-08,165.479248046875,165.63012470574253,163.58499587924496,164.23038782943848,116025700
2015-09-09,163.2665252685547,167.18915302173792,162.89774257465578,167.0634331021601,149347700
2015-09-10,164.15493774414062,165.30322192163933,162.81386603554935,163.0736956416046,158611100
2015-09-11,164.9009246826172,164.9679795547778,163.0485706087318,163.76101743470522,119691200
2015-09-14,164.28903198242188,165.12719858915932,163.80289381578527,165.0769106390603,79452000
2015-09-15,166.34255981445312,166.786787118012,164.24714317902138,164.79194638847036,113806200
2015-09-16,167.7842254638672,167.97701303805673,166.30067942228308,166.64433088297523,99581600
2015-09-17,167.4070281982422,170.05563798888642,167.02985574836006,167.6501036986477,276046600
2015-09-18,164.67132568359375,167.39267480976977,164.25849712014326,164.89039016793595,223657500
2015-09-21,165.5222930908203,166.55016068246064,164.4691379483344,165.50543900888917,105726200
2015-09-22,163.37388610839844,163.83727703326133,162.2364731888168,163.34861140848776,153890900
2015-09-23,163.11273193359375,164.0142263728356,162.53138803013104,163.54241475724334,92790600
2015-09-24,162.52291870117188,162.98630959849973,160.5514150898855,161.89102552915193,159378800
2015-09-25,162.48077392578125,164.2921955549254,161.60454168351922,163.9888863719727,155054800
2015-09-28,158.40298461914062,161.68883701149747,158.0912547506794,161.57930474164885,178515900
2015-09-29,158.49566650390625,159.86056460590598,157.49306053437886,158.62205286188984,159045600
2015-09-30,161.45294189453125,161.62144418979224,159.60781155005586,160.39135300817495,163452000
2015-10-01,161.8741912841797,162.17750053407022,159.92796228734045,161.8320624997143,131079000
2015-10-02,164.29217529296875,164.31744998377295,159.33813020101724,159.8857784988645,211003300
2015-10-05,167.21578979492188,167.44327494325597,165.41278840478842,165.52232067174555,126320800
2015-10-06,166.64285278320312,167.645458619627,165.97726433409338,167.08096895876204,110274500
2015-10-07,168.0077362060547,168.36159479027472,166.38165798534357,167.57804068129641,124307300
2015-10-08,169.5242919921875,169.8107471213442,167.3168699496485,167.6201791616669,153055200
2015-10-09,169.6254119873047,170.10564413377404,168.99351878791342,169.66754077177745,107069200
2015-10-12,169.7854461669922,169.98764370646816,169.27150599433,169.70118862161289,56395600
2015-10-13,168.71546936035156,170.3246936516513,168.54696709321888,169.05247389461692,88038700
2015-10-14,167.9066162109375,169.23780578390608,167.61174050005084,168.65646211881062,99106200
2015-10-15,170.48480224609375,170.49322286121645,168.2015556695511,168.57226842936475,134142200
2015-10-16,171.2598876953125,171.27672892207804,170.12247494962193,170.88917501209787,114580100
2015-10-19,171.34413146972656,171.34413146972656,170.29940975639073,170.6111395765444,76523900
2015-10-20,171.12510681152344,171.740145935504,170.65329527225617,170.90605512712085,78448500
2015-10-21,170.0635223388672,171.6980085592884,169.89500720678905,171.5463603674976,102038000
2015-10-22,172.93655395507812,173.14718505536948,170.06355551758983,171.01559934889326,174911700
2015-10-23,174.83218383789062,175.20289652528615,173.8127368034514,174.6131321843835,144442300
2015-10-26,174.4025421142578,174.7142720128441,174.031829339776,174.65530199285007,69033000
2015-10-27,174.0655059814453,174.40251052125234,173.38305057610253,173.72848858573917,77905800
2015-10-28,176.04544067382812,176.07071537302951,173.7369324407698,174.4025209462392,135906700
2015-10-29,175.9443359375,176.3150486544722,175.4219750304389,175.53992790803008,90525500
2015-10-30,175.18605041503906,176.45827018248963,175.02598161628677,176.13810687318698,131076900
2015-11-02,177.2586669921875,177.45244395970374,175.38826222844173,175.51464857274294,86270800
2015-11-03,177.77259826660156,178.32866729920184,176.67731428430062,176.90479940780045,95246100
2015-11-04,177.23341369628906,178.19389089182457,176.6941986541621,178.06751738816226,96224500
2015-11-05,177.05645751953125,177.75575415626423,176.16338391422624,177.29236326976658,78408700
2015-11-06,176.9637451171875,177.199663677695,175.63256843655364,176.71099818788784,110471500
2015-11-09,175.3123779296875,176.50033973629428,174.36032179101608,176.348678746396,131008700
2015-11-10,175.7168426513672,175.75055081820187,174.56258862730706,174.83218968249022,75874600
2015-11-11,175.0259552001953,176.0369815145771,174.9585517317836,175.98643212724258,67846000
2015-11-12,172.5826873779297,174.4530924916812,172.56584614692403,173.9812809054919,121315200
2015-11-13,170.64486694335938,172.43944782548056,170.56062222646628,172.16984673316176,153577100
2015-11-16,173.23983764648438,173.29882051668048,170.34155207793796,170.45951781833017,117645200
2015-11-17,173.1134033203125,174.43615928477314,172.61631725717933,173.55151938987012,121123700
2015-11-18,175.86004638671875,176.00327393660766,173.55153865146576,173.59365457045294,121342500
2015-11-19,175.7084197998047,176.12968188858105,175.41353119530174,175.74211511031137,88220500
2015-11-20,176.34869384765625,177.0311362209013,175.96956062428632,176.46664669172458,94011500
2015-11-23,176.14657592773438,176.91326333273477,175.68318495378801,176.40775642507643,64931200
2015-11-24,176.38243103027344,176.7868390113538,174.74793216787214,175.1354860667706,98874400
2015-11-25,176.35719299316406,176.7110516571509,176.09599966069464,176.5088411966296,51980100
2015-11-27,176.5593719482422,176.7615823874045,175.9696075705595,176.44983968670851,37317800
2015-11-30,175.82632446289062,176.83735062757407,175.7167922359524,176.71939778929257,112822700
2015-12-01,177.50302124023438,177.62098698914056,176.18026471552807,176.45829928959017,97858400
2015-12-02,175.69154357910156,177.77257906391392,175.43878378650427,177.45241580289755,108441300
2015-12-03,173.23141479492188,176.21394503907788,172.5068434121416,175.9443439591062,166224200
2015-12-04,176.60992431640625,176.90481293816018,173.23140679489987,173.23140679489987,192913900
2015-12-07,175.53993225097656,176.7026069714552,174.57102165202795,176.28134484736444,102027100
2015-12-08,174.36038208007812,175.48936143212396,173.37463030052473,173.97282814413362,103372400
2015-12-09,173.00392150878906,175.8179493386583,172.0265903210586,173.7200722433621,162401500
2015-12-10,173.45042419433594,174.7647596715685,172.8353852299175,173.07129093834916,116128900
2015-12-11,170.0887908935547,171.99289097180136,169.7770481951906,171.3273025053737,211173300
2015-12-14,170.94818115234375,171.07456751519047,168.46273695383752,170.24889727270963,182385200
2015-12-15,172.7427215576172,173.65264916184265,170.92286634916624,172.4646870516679,154069600
2015-12-16,175.27032470703125,175.57363396166423,172.5489748858994,173.87173131867362,197017000
2015-12-17,172.59951782226562,175.6494514837124,172.5826637376671,175.58204800121803,173092500
2015-12-18,169.5246124267578,171.990939022608,169.36357808243466,171.85534272480618,251393500
2015-12-21,170.92308044433594,171.10106921199636,169.5839681196295,170.7027250994136,99094300
2015-12-22,172.4740753173828,172.77071894912382,170.82137791925118,171.81299635813016,111026200
2015-12-23,174.60987854003906,174.6522580498585,173.38942107873945,173.4826508273779,110987200
2015-12-24,174.32168579101562,174.8725934911412,174.10133047041091,174.35559456797586,48539600
2015-12-28,173.92340087890625,173.9657674627526,172.84702324150803,173.6267571975058,65899900
2015-12-29,175.77947998046875,176.11001947864887,174.9912753818897,175.02517123167766,92640700
2015-12-30,174.53358459472656,175.61844569483083,174.3895046119371,175.53368667793808,63317700
2015-12-31,172.78768920898438,174.4997207918084,172.78768920898438,173.85559611533392,114877900
2016-01-04,170.3721466064453,170.38061733347607,168.3126218860981,169.92295235806984,222353500
2016-01-05,170.66030883789062,171.1179738195279,169.55003575858572,170.69420467888278,110845800
2016-01-06,168.5076141357422,169.55855361994318,167.47361611054276,168.10078633629848,152112600
2016-01-07,164.46484375,167.33799866452176,164.07497036102643,165.54969196399927,213436100
2016-01-08,162.65957641601562,165.99040922159983,162.37141644919652,165.4310307454849,209817200
2016-01-11,162.82061767578125,163.92242028467783,160.87976024963513,163.5833971337192,187941300
2016-01-12,164.13424682617188,164.88855528808108,161.9984469943141,164.2698560385706,172330500
2016-01-13,160.04071044921875,165.15136701485292,159.6593206774753,164.8038730958015,221168900
2016-01-14,162.66802978515625,163.79525734585224,159.04905033137382,160.65089730027674,240795600
2016-01-15,159.17617797851562,159.98133683735256,157.23532081637566,158.29474377074246,324846400
2016-01-19,159.38807678222656,161.12553316880113,157.81165476826087,160.9984075759048,195244400
2016-01-20,157.3455047607422,158.91345603323416,153.42141061380045,156.82003507116355,286547800
2016-01-21,158.22695922851562,160.07458688783586,156.4895027763919,157.8201443834892,195772900
2016-01-22,161.47299194335938,161.676392847793,160.08302972263056,160.8458089790716,168319600
2016-01-25,159.03213500976562,161.1594521414183,158.8372047618833,160.96452189353602,130371700
2016-01-26,161.20181274414062,161.4815019882439,159.3541851061627,159.6931953177003,141036800
2016-01-27,159.44735717773438,162.35440684072128,158.54048514467524,160.6762849155347,185681700
2016-01-28,160.2779541015625,161.20176766219626,158.62525715079403,160.99836676512138,143798800
2016-01-29,164.18511962890625,164.32072885995598,160.93057567816135,161.04923052222784,210529300
2016-02-01,164.1258087158203,164.91402616577838,162.5917662555006,163.1765698304092,136061600
2016-02-02,161.1679229736328,162.70196557716704,160.64244031379968,162.69349484790288,182564900
2016-02-03,162.13412475585938,162.54093963264765,158.57446548603548,162.22735451224958,205054900
2016-02-04,162.3883514404297,163.36301536040764,160.99838907735733,161.6340428336235,139531800
2016-02-05,159.29486083984375,162.44770514097527,158.65920695546097,161.87138516002568,180788300
2016-02-08,157.15060424804688,157.74387867623352,154.93005727437148,157.44724792834648,191526700
2016-02-09,157.15904235839844,158.43883364400986,155.26903531074603,155.40464456115956,184513100
2016-02-10,157.02346801757812,159.6254045954566,156.89632947786728,157.9896614302866,148214100
2016-02-11,154.9809112548828,156.0318637904301,153.48076428914172,154.5401875551484,219058900
2016-02-12,158.1760711669922,158.19301262102636,155.91314554229416,156.76068381067878,127632400
2016-02-16,160.84584045410156,160.87126557213108,159.0236380224671,159.98983130481827,120250700
2016-02-17,163.47325134277344,163.84617040060496,161.88834534698947,162.01548389802088,136009500
2016-02-18,162.8036346435547,163.80373659742403,162.49004959994556,163.74440270679062,102343000
2016-02-19,162.7273712158203,162.87992191877856,161.41368412212734,162.02391279877943,114793000
2016-02-22,165.08348083496094,165.22756076945598,164.24441340564834,164.31221800995294,103640300
2016-02-23,162.99862670898438,164.69370387726045,162.87995889208906,164.4224853227783,111455300
2016-02-24,163.74440002441406,164.02408922051424,160.4559601531812,161.56623327768256,150812200
2016-02-25,165.7276611328125,165.73614479396866,163.43083919888306,164.19361862314082,110728300
2016-02-26,165.3462371826172,166.69381992155488,165.1852028429188,166.60060312742172,129833700
2016-02-29,164.04954528808594,166.3124714663264,163.85461505974905,165.36323251190936,125918100
2016-03-01,167.90585327148438,167.99061229471093,164.8038592481139,165.27847874039568,141799700
2016-03-02,168.66017150878906,168.7110217526209,167.17697904577207,167.59227759108515,102415000
2016-03-03,169.32122802734375,169.33818241717043,167.90584038845594,168.48216031846093,95172200
2016-03-04,169.87210083007812,170.6518474721584,168.68555234414472,169.51613628429809,129293600
2016-03-07,170.0076904296875,170.41451809136737,168.87199230541373,168.94826764232604,100219000
2016-03-08,168.151611328125,169.43987330142576,167.99058989732075,168.931358027098,123974900
2016-03-09,168.98219299316406,169.32967387288193,168.1770212498452,168.96523860582883,94801200
2016-03-10,169.11778259277344,170.41452805815925,167.28710973777427,169.47376005066465,156838700
2016-03-11,171.8468780517578,171.8892575574317,169.1008619648578,170.57557047599764,137964500
2016-03-14,171.6265869140625,172.08425212223773,171.00788728354706,171.33842685956648,73612000
2016-03-15,171.3468017578125,171.6519160367524,170.39756308218034,170.66029786329943,93169100
2016-03-16,172.33847045898438,172.74529823845296,170.82138227849984,170.86376178874585,129303200
2016-03-17,173.4317626953125,173.94027790480766,171.8553409743026,172.25368500123147,134278500
2016-03-18,174.11331176757812,174.45407045404377,173.61920257282546,173.93440500776174,138372400
2016-03-21,174.36036682128906,174.59038609334056,173.61920949914784,173.84922877119934,72926700
2016-03-22,174.26666259765625,174.83744059062724,173.42328023449707,173.58513217351828,97471900
2016-03-23,173.11660766601562,174.07074254561834,172.94621529541845,173.8833213372517,81052500
2016-03-24,173.03993225097656,173.07401592599214,171.86430544520445,172.08579733635264,84360900
2016-03-28,173.14215087890625,173.67033079045362,172.69063972888446,173.45735334236363,62408200
2016-03-29,174.7437286376953,174.85448106800217,172.42653301308934,172.73322105161398,92922900
2016-03-30,175.5104217529297,176.234537123041,175.14409386054828,175.74895540415565,86365300
2016-03-31,175.08448791503906,175.84268703990244,174.92262298965633,175.4167321832576,94584100
2016-04-01,176.27720642089844,176.4646276510256,173.77258907203026,174.08780459494284,114423500
2016-04-04,175.70640563964844,176.40497795255345,175.39971757529472,176.20051490994678,63497000
2016-04-05,173.95144653320312,175.7148928811558,173.69587101925197,174.36035955605857,99662200
2016-04-06,175.8512420654297,175.9108819987053,173.7725798051346,173.95148660584778,91839800
2016-04-07,173.74697875976562,175.11855388129385,173.01433590604665,174.7607533712139,113859000
2016-04-08,174.21559143066406,175.3656751067471,173.67888398194336,174.9311926962152,95040600
2016-04-11,173.80662536621094,175.553042898585,173.71291477669493,174.8544706859911,83757500
2016-04-12,175.42527770996094,175.70640952509464,173.5340367711436,173.97703354036454,115350600
2016-04-13,177.1972198486328,177.2824160193581,176.2090014643058,176.34531013782208,96336400
2016-04-14,177.20567321777344,177.7083096533149,176.85640023599146,177.25679870206196,65212900
2016-04-15,177.009765625,177.34200983022254,176.68603583561617,177.2057011821548,75761600
2016-04-18,178.2535858154297,178.28765648296246,176.34530345584142,177.00979196516653,82531000
2016-04-19,178.81582641601562,179.07140190523577,177.9980004494424,178.67953075432632,88316100
2016-04-20,178.98623657226562,179.6847957800082,178.3813749541583,178.85844231536993,81100300
2016-04-21,178.02359008789062,179.11403358058067,177.75097271516222,179.0032811480208,85695000
2016-04-22,178.02359008789062,178.29619446150724,177.1205677891734,177.66578953551843,99251700
2016-04-25,177.71690368652344,177.75950177629514,176.80535396203425,177.41873005723343,66166500
2016-04-26,177.98097229003906,178.49212330774736,177.50390493970355,178.0831972939366,75864200
2016-04-27,178.34730529785156,178.73917649002462,177.23982006068684,177.5976205836273,77329400
2016-04-28,176.72869873046875,178.69660843693498,176.31127121643829,177.58913601275276,97216200
2016-04-29,175.77455139160156,176.4560818345169,174.66706604675312,176.10679569514488,142424100
2016-05-02,177.1717071533203,177.35060095706808,175.84272975759603,176.2771991372401,62188000
2016-05-03,175.62969970703125,176.1749213728247,174.88001504189907,175.93638770648442,106422100
2016-05-04,174.64999389648438,175.36560788684616,174.14737031923184,174.63296506272343,92243800
2016-05-05,174.61595153808594,175.47637575045397,174.18999664103234,175.11857519682238,67619200
2016-05-06,175.2548370361328,175.2974351142736,173.68732655377505,173.84066403615188,89315000
2016-05-09,175.3997344970703,175.83420388052343,174.948223275311,175.12713007974105,74374900
2016-05-10,177.58058166503906,177.59762349949054,176.03862712451112,176.106781463206,77472200
2016-05-11,175.91929626464844,177.65718577206292,175.91929626464844,177.12049167369858,81727000
2016-05-12,175.97047424316406,176.76275706283158,174.95669957023696,176.59236471512773,89586300
2016-05-13,174.43702697753906,176.22604256241553,174.1133101281779,175.672306452345,96474600
2016-05-16,176.15789794921875,176.63496533175538,174.54778903360196,174.60742895597465,77486800
2016-05-17,174.5137176513672,176.1749390656082,173.98552476647453,175.88529287012233,114924900
2016-05-18,174.56480407714844,175.7489579338896,173.47436079895985,174.164405514161,120062100
2016-05-19,173.9599609375,174.24960712037108,172.7502507039408,173.84069409754656,115430500
2016-05-20,175.05894470214844,175.57861018592482,174.52223738308604,174.57334988983263,104990400
2016-05-23,174.82041931152344,175.35711365697637,174.63299811180585,175.07598185739997,58682600
2016-05-24,177.0865020751953,177.40171756926543,175.6127016268804,175.63825788327622,93537800
2016-05-25,178.2876434326172,178.7050838242209,177.086447754028,177.7679780467877,76621400
2016-05-26,178.3387908935547,178.65400635273156,178.02358843348952,178.42398707151852,55280700
2016-05-27,179.10548400878906,179.11399842534874,178.44950995863408,178.50062245621072,64211200
2016-05-31,178.76470947265625,179.48883784092158,178.2024460101756,179.37808543188805,109879400
2016-06-01,179.13108825683594,179.3099820462898,177.95544850111673,178.15138412736567,69936200
2016-06-02,179.67633056640625,179.6933594060338,178.25364251065417,178.73071000250945,63044700
2016-06-03,179.13955688476562,179.48884295466186,177.92984676379007,179.11400063566194,101757100
2016-06-06,180.05108642578125,180.40888687258325,179.3354725330693,179.49733742547903,64887000
2016-06-07,180.33224487304688,180.8945084129692,180.17890736167396,180.20446361356946,60974800
2016-06-08,180.92010498046875,181.04789926753423,180.34081247626912,180.46859376422088,66170900
2016-06-09,180.67303466796875,180.7923015218025,179.91483545450157,180.18743983507352,73786900
2016-06-10,178.960693359375,179.63369636459402,178.41545862213925,179.2929376529333,113829200
2016-06-13,177.58058166503906,179.21624679638361,177.49539849100367,178.35582264369364,117751200
2016-06-14,177.23129272460938,177.82763992889195,176.27715799633438,177.1972220553613,125059300
2016-06-15,176.98422241210938,178.35579741141666,176.79680125699093,177.231270480706,109124500
2016-06-16,177.512451171875,177.68284354105677,175.1441428303104,176.984271224927,149533100
2016-06-17,176.85137939453125,177.43368445071087,176.19199379068078,177.40799529039202,117055700
2016-06-20,177.990234375,179.49738773353502,177.90459516748987,178.82088503435577,82789600
2016-06-21,178.4955291748047,178.90656875638794,177.93034158343227,178.37564208572988,72461700
2016-06-22,178.2043914794922,179.40326246978856,178.05880215443625,178.67536811136404,95560500
2016-06-23,180.52499389648438,180.57637219459346,179.2062363337531,179.66865408344344,102731400
2016-06-24,174.04254150390625,180.55928924684218,173.59724105750848,174.37651357202682,333444400
2016-06-27,170.92550659179688,172.6381869661968,170.1119729605855,172.62961520162764,230775800
2016-06-28,174.00831604003906,174.03400519922755,172.22712695825862,172.53540993523436,159382400
2016-06-29,176.9712371826172,177.20243958718768,175.3099354013867,175.41269202564027,137328600
2016-06-30,179.3860321044922,179.43741039450364,176.88552181251768,177.44215044329042,165021900
2016-07-01,179.76290893554688,180.2510290556398,179.22341050106792,179.38611720776555,106055300
2016-07-05,178.4698486328125,179.04359494870334,177.87041315850217,178.93226655107665,109803700
2016-07-06,179.5402374267578,179.66012449733896,177.3137483254387,177.97313374699033,96021500
2016-07-07,179.4289093017578,180.3880058677437,178.65820857076355,179.72006174975914,85593800
2016-07-08,182.1007080078125,182.3490539418561,180.4993562815728,180.7305717557863,133971000
2016-07-11,182.742919921875,183.31667912371657,182.35756960027376,182.56309586959205,73633900
2016-07-12,184.07025146484375,184.36997564443453,182.7686112106832,183.71059028936045,101275600
2016-07-13,184.04461669921875,184.49847591668473,183.55650962636673,184.48991721951654,87324100
2016-07-14,185.07223510742188,185.54322481871412,184.67832594286048,185.3120093119499,91230900
2016-07-15,184.82388305664062,185.8343580900746,184.37858255148888,185.63740352819917,107155400
2016-07-18,185.32054138183594,185.48324807149643,184.68684508176648,184.94374969350878,58725900
2016-07-19,185.1321563720703,185.16640422450826,184.6526080376664,184.90094090129983,54345700
2016-07-20,185.90283203125,186.1426061660082,185.13213132191436,185.13213132191436,58159500
2016-07-21,185.20066833496094,186.01418877817954,184.75536784532173,185.7915450667161,67777300
2016-07-22,186.03134155273438,186.08271987179558,185.0551142904299,185.32057765005538,62787500
2016-07-25,185.5260772705078,185.87717984720135,184.94377227505672,185.82580153192188,55873100
2016-07-26,185.61172485351562,185.97138614335765,184.7639434131436,185.42332897787742,70080500
2016-07-27,185.4147491455078,186.057004175598,184.6440352693724,185.98849540438292,84083900
2016-07-28,185.62884521484375,185.91999770981988,184.75537466320256,185.21779256306388,65035700
2016-07-29,185.9285888671875,186.288250200252,185.08082039164802,185.3634142390662,79519400
2016-08-01,185.7744140625,186.38240818563156,185.32055487761173,185.98849907675722,73311400
2016-08-02,184.5840606689453,185.68017465172812,183.74485125921987,185.5260266812099,92295500
2016-08-03,185.12356567382812,185.18351574285276,184.22441917214476,184.52413031713562,53993600
2016-08-04,185.32054138183594,185.637382998515,183.4708438573451,185.23490215568475,46585500
2016-08-05,186.83628845214844,186.87910807317388,185.32057578821525,185.32057578821525,71892200
2016-08-08,186.72491455078125,187.12739534209643,186.45945127708603,187.0246256705266,39906500
2016-08-09,186.83628845214844,187.33296730927324,186.51088807912538,186.79348189783676,51251700
2016-08-10,186.37388610839844,187.02469997559783,186.02278348001994,186.9476324913337,57941100
2016-08-11,187.23875427246094,187.48710021435585,186.63931882657914,186.90478216213302,72504300
2016-08-12,187.07606506347656,187.2901500896989,186.67358416884153,186.93047574693793,61313500
2016-08-15,187.6155242919922,187.96662682206687,187.43570021239086,187.44425890823004,49813500
2016-08-16,186.6478729248047,187.26442570599173,186.6478729248047,187.1959300044132,53213600
2016-08-17,186.99896240234375,187.13597993892873,185.84291123752573,186.68212078236357,75134300
2016-08-18,187.4186248779297,187.45287273807068,186.86200895031197,186.9733242958065,52989300
2016-08-19,187.14451599121094,187.32435311955808,186.45945452459875,186.94756147289544,75443000
2016-08-22,187.1359405517578,187.36715596274126,186.5365052887532,186.90472514077433,61368800
2016-08-23,187.5127716064453,188.05226998998276,187.4528215341805,187.75254576208164,53399200
2016-08-24,186.5537109375,187.4614294254508,186.13409955091103,187.36723148424568,71728900
2016-08-25,186.4252166748047,186.84482798172021,186.01417713064373,186.16831205968725,69224800
2016-08-26,186.07411193847656,187.6412156987997,185.18352409219543,186.6136103171795,122506300
2016-08-29,186.9903564453125,187.25581968865652,186.16826450029438,186.20252540913708,70502200
2016-08-30,186.68212890625,187.18736639434317,186.1255131063795,186.9047726128558,58114500
2016-08-31,186.1512451171875,186.46808682389766,185.3719723645984,186.34819971324666,85269500
2016-09-01,186.1597137451172,186.45086614915513,184.9950910622566,186.14258328996533,97844200
2016-09-02,186.99896240234375,187.42713240413818,186.42521616794463,187.01609286109473,79293900
2016-09-06,187.56417846679688,187.64124594283007,186.56226207822485,187.28158465462832,56702100
2016-09-07,187.5469970703125,187.72683419892888,186.93900305777748,187.401420855104,76554900
2016-09-08,187.11886596679688,187.4870989954742,186.81058301567433,187.21306389815967,74102900
2016-09-09,182.6402130126953,185.85148834426704,182.61452385537976,185.80011002963596,221589100
2016-09-12,185.26058959960938,185.6630704387234,181.8095404983042,181.87804926525033,168110900
2016-09-13,182.5973663330078,184.2415374910919,181.97224181978828,183.9760741936991,182828800
2016-09-14,182.52883911132812,183.85616853078741,181.97222341931754,182.64872617114776,134185500
2016-09-15,184.3528594970703,184.73820985308944,182.18632051466517,182.36615764971964,134427900
2016-09-16,183.64022827148438,183.91564758728742,182.95170624740834,183.7349020197022,155236400
2016-09-19,183.67465209960938,184.9398316046252,183.34759496335045,184.29433239319732,80250500
2016-09-20,183.68328857421875,184.69026595750765,183.6488677215302,184.53535242133285,69665300
2016-09-21,185.74884033203125,185.929572738373,183.70045217540002,184.3889872235101,110284400
2016-09-22,186.91940307617188,187.22064137688324,186.51490220860666,186.76448952681312,76678700
2016-09-23,185.89515686035156,186.66114867449386,185.80048312454906,186.52343903465132,73630900
2016-09-26,184.38906860351562,185.24111944632057,184.19110598939045,185.06038696021264,89827300
2016-09-27,185.53372192382812,185.6283825488649,183.85541320612575,184.22550630742447,78494800
2016-09-28,186.4545440673828,186.60947066202544,184.79346621735502,185.75740722326913,87411000
2016-09-29,184.7677001953125,186.65256011857448,184.21687469043962,186.24804620204264,128070600
2016-09-30,186.16200256347656,186.8677416426851,185.35297466501245,185.60256195171965,117202900
2016-10-03,185.7144317626953,185.93820010253964,185.0775344578399,185.74886574280399,83512100
2016-10-04,184.7677001953125,186.05009677460663,184.17385191300446,185.8263284276231,119948100
2016-10-05,185.58535766601562,186.01569053589353,185.32715531754548,185.39601015265197,72816000
2016-10-06,185.7144317626953,185.93820010253964,184.81934527060238,185.3615556965167,62927400
2016-10-07,185.07752990722656,186.16197699782222,184.34597200684834,185.98984649965766,89788300
2016-10-10,186.04150390625,186.50625761345506,185.89519231078327,186.04150390625,51855000
2016-10-11,183.69186401367188,185.68001270355688,182.96030608826086,185.6111578753919,130367400
2016-10-12,183.93289184570312,184.45789850315848,183.3304152862459,183.82960302060656,73866100
2016-10-13,183.33041381835938,183.8296015487231,181.7812259142098,182.59885578200377,101357000
2016-10-14,183.42507934570312,184.7763308688641,183.3476225805163,184.31156401230902,93346200
2016-10-17,182.78817749023438,183.6574450810396,182.60743192282712,183.39924275590747,58275700
2016-10-18,183.93289184570312,184.44928344031507,183.5541967966904,184.389043664,76869700
2016-10-19,184.4234619140625,184.73330211954334,183.8382154885529,184.1996935394943,66519200
2016-10-20,184.07920837402344,184.63863589965095,183.41649202053875,184.0705933109498,73639800
2016-10-21,184.16525268554688,184.25132451324941,183.11523942461778,184.0791939905614,89089100
2016-10-24,184.94847106933594,185.31856418801223,184.5955949436189,185.04314483153522,60146600
2016-10-25,184.32875061035156,185.02588764751604,184.1652220445545,184.7676853400846,66542300
2016-10-26,183.95872497558594,184.54397145455385,183.2615746000359,183.50257312206134,75705500
2016-10-27,183.4681396484375,184.71610251786095,183.39068287295413,184.6816816618857,77220200
2016-10-28,182.92587280273438,184.12219753962472,182.21153186482982,183.4422774495756,140623200
2016-10-31,182.9345245361328,183.4853501412505,182.77099592742755,183.26156862082505,61272500
2016-11-01,181.60906982421875,183.31319741452177,180.39554113336976,183.26154643956252,122781800
2016-11-02,180.5160369873047,181.68654291870166,180.07708905508272,181.29923282963122,103330800
2016-11-03,179.6897735595703,180.94635118838607,179.414367380271,180.73118477564276,88939300
2016-11-04,179.4918670654297,180.64515616171005,179.3455554456973,179.80170729919203,109122100
2016-11-07,183.45086669921875,183.48530067740998,179.4918128336888,179.4918128336888,109794900
2016-11-08,184.27708435058594,184.84512671277136,182.78813676429345,183.05494095882247,106772100
2016-11-09,186.23086547851562,186.85054589006637,182.75376837673457,182.77958729948938,258429000
2016-11-10,186.69558715820312,187.89191186035367,185.23245821159472,187.02264430055297,172113300
2016-11-11,186.26528930664062,186.5062746780134,185.31856481416693,185.97266608893338,100552700
2016-11-14,186.4115753173828,186.99683480514705,185.6628003829193,186.79027031545684,94580000
2016-11-15,187.8660888671875,187.8660888671875,186.59230743770325,186.79885877978907,91652600
2016-11-16,187.51327514648438,187.74565861629378,187.12597811861494,187.24647081912363,65617700
2016-11-17,188.47718811035156,188.53742788089505,187.556269499148,187.6681602436499,69797200
2016-11-18,188.05545043945312,188.7181666879563,187.8747048688737,188.54603617908583,86265800
2016-11-21,189.47555541992188,189.50137434123363,188.4857950823933,188.63210668073216,72402600
2016-11-22,189.84567260742188,190.0264050795417,189.1141013901638,189.78541969490294,67429000
2016-11-23,189.9489288330078,190.0005666768912,189.1312989951807,189.32924844097278,56620200
2016-11-25,190.6546630859375,190.68908393437687,190.21571518886103,190.29318508010246,37872300
2016-11-28,189.75961303710938,190.62027893294695,189.65633733207906,190.344872675293,76572500
2016-11-29,190.12966918945312,190.58582097483202,189.49277182273693,189.79401008072682,69886700
2016-11-30,189.6735076904297,190.91286837693818,189.6132547888307,190.74933979570218,113291800
2016-12-01,188.9763641357422,189.97472631448642,188.61487300392184,189.97472631448642,79040500
2016-12-02,189.071044921875,189.5616307011736,188.70956688420517,189.0624429921866,74840300
2016-12-05,190.2071075439453,190.5513685488572,189.70791989392222,189.90586931511078,67837800
2016-12-06,190.80958557128906,190.84401955406278,189.91449900992004,190.39646970702,59877400
2016-12-07,193.3054962158203,193.36573597793688,190.53415197330642,190.6546446302542,110738100
2016-12-08,193.77886962890625,194.25223837219423,193.01287771075508,193.27969509894712,99714400
2016-12-09,194.94940185546875,194.9666188482964,193.96824338777537,194.00267737343066,88005800
2016-12-12,194.72557067871094,195.33664896619604,194.30383985311062,194.8546652514899,102016100
2016-12-13,196.02517700195312,196.52436458684983,195.37107592487152,195.38829291268556,110477500
2016-12-14,194.40711975097656,196.42967571736887,193.9681719581807,195.7239368639385,142501800
2016-12-15,195.20761108398438,196.06827689759587,194.415800111388,194.64818355822416,124972600
2016-12-16,194.82579040527344,195.7261658622484,194.50547138064348,195.6655578250906,156420200
2016-12-19,195.25,195.6742166144554,194.8604203227072,195.00759428034576,90341100
2016-12-20,196.00326538085938,196.15045260653469,195.5530907015771,195.78683067385307,89838800
2016-12-21,195.4578399658203,196.0465359709831,195.4578399658203,195.87339086417785,67909000
2016-12-22,195.1201934814453,195.43185994352459,194.72194786485124,195.31065705327845,56219100
2016-12-23,195.40586853027344,195.41452116077593,194.972999222937,195.16344956485196,36697800
2016-12-27,195.89064025878906,196.28887254299553,195.65688718146427,195.67420564907505,42672500
2016-12-28,194.27174377441406,196.16771349248134,194.15920673511602,196.15040823112668,64095000
2016-12-29,194.22848510742188,194.69597819893247,193.78694991030835,194.3410221569734,48696100
2016-12-30,193.51853942871094,194.6440021997166,192.82594593808267,194.55742305959228,108998300
2017-01-03,194.9989471435547,195.5097296950616,193.82154223916174,194.82578887310643,91366500
2017-01-04,196.15902709960938,196.30620105653207,195.3192597141345,195.32791234332257,78744400
2017-01-05,196.00326538085938,196.15910523916952,195.20678724429132,195.8907283161019,78379000
2017-01-06,196.70445251464844,197.17194549722691,195.57032397093968,196.11574345904899,71559900
2017-01-09,196.05516052246094,196.5832615735767,196.02052358231973,196.444740233256,46939700
2017-01-10,196.05516052246094,196.91223324418567,195.66556760154376,196.07246578240944,63771900
2017-01-11,196.60922241210938,196.60922241210938,195.30194879751116,195.96857115415494,74650000
2017-01-12,196.11570739746094,196.3061708912984,194.75650505702336,196.08973630376664,72113200
2017-01-13,196.5659942626953,196.8689949121198,196.25432777091905,196.2889515099495,62717900
2017-01-17,195.8733367919922,196.33217714291624,195.48375710669535,195.9252789886823,61240800
2017-01-18,196.3061981201172,196.34948768565184,195.5703151363904,196.12438722891997,54793300
2017-01-19,195.5789794921875,196.52263124713022,195.14611026036562,196.3841099225183,66608800
2017-01-20,196.2975311279297,196.79099515057976,195.63090885581107,196.26289419398807,129168600
2017-01-23,195.78675842285156,196.35814900891876,195.0249175182166,196.29755418258387,75061600
2017-01-24,197.04209899902344,197.45764980363037,195.8906651438575,196.00320217232323,95555300
2017-01-25,198.7476043701172,198.7476043701172,197.82991041474384,197.99440285212322,84437700
2017-01-26,198.53981018066406,198.86879503523576,198.26276752205186,198.6004050059098,59970700
2017-01-27,198.22813415527344,198.7648877675818,198.04632326813524,198.61771381614628,59711100
2017-01-30,196.99880981445312,197.56153458824696,196.01186839525718,197.5355634885409,79737300
2017-01-31,196.98147583007812,197.04208386469998,195.93393966411406,196.50531702276677,75880800
2017-02-01,197.05938720703125,197.89915458354585,196.47069138562182,196.9814739148072,79117700
2017-02-02,197.1892547607422,197.47495004069447,196.366805857309,197.05938606433443,69657600
2017-02-03,198.54847717285156,198.73028808198305,197.78663622679892,198.09830263522292,80563200
2017-02-06,198.19357299804688,198.5398764368796,197.8559354015134,198.14163078475335,57790100
2017-02-07,198.20220947265625,198.82554236007024,198.01174591205069,198.58313659386744,57931200
2017-02-08,198.4619140625,198.5917695636371,197.65677032508353,198.20218985010365,51566200
2017-02-09,199.63926696777344,199.9422674614303,198.46186229413942,198.46186229413942,65955200
2017-02-10,200.42710876464844,200.65220922169698,199.65660205348237,199.98558689986365,66015900
2017-02-13,201.5179443359375,201.77766851506317,200.8946115900841,200.92058268698463,55182100
2017-02-14,202.32310485839844,202.33177069873477,200.98987324872715,201.3361633989964,71109000
2017-02-15,203.3793182373047,203.56978179352265,202.05473918459447,202.10668138899516,86785800
2017-02-16,203.2061309814453,203.58705801482787,202.45294275369733,203.4052471270333,84722400
2017-02-17,203.5264434814453,203.5264434814453,202.52218373644433,202.53950220380506,77204100
2017-02-21,204.738525390625,204.91167046785708,203.8900920549793,203.8987578954206,88946100
2017-02-22,204.5566864013672,204.78177364986763,204.16710672852687,204.33159915286677,62115200
2017-02-23,204.69520568847656,205.09343798647993,203.9333516086501,205.0761327283898,74615900
2017-02-24,204.95494079589844,204.99821715355117,203.80350698573864,203.84679655351272,82381600
2017-02-27,205.2752685546875,205.4484136230307,204.6173120109346,204.86837037851393,56515400
2017-02-28,204.72120666503906,205.13675749190335,204.33162693922114,204.89435174205562,96961900
2017-03-01,207.5867919921875,208.0542982148057,206.36609744550043,206.38341591562906,149158200
2017-03-02,206.27955627441406,207.40501918566386,206.2276140679158,207.39635334449835,70246000
2017-03-03,206.40939331054688,206.57388575648002,205.81203156905175,206.1929586627659,81974300
2017-03-06,205.79473876953125,206.14968157369094,205.1887111509511,205.61292784193253,55391500
2017-03-07,205.1799774169922,205.84659960785515,204.97219546902866,205.49164373387842,65103700
2017-03-08,204.79905700683594,205.73405598742593,204.66053570375922,205.4743318466867,78168800
2017-03-09,205.05882263183594,205.38780749066854,204.08919973437727,204.9203013007358,90683900
2017-03-10,205.77737426757812,206.06306954125571,204.82505668865278,206.01977997673723,81991700
2017-03-13,205.88125610351562,205.92454566749777,205.38779206245576,205.7167636864556,57256800
2017-03-14,205.09344482421875,205.38780595313332,204.4787778885102,205.33585054676877,59880800
2017-03-15,206.8682403564453,207.29245703537583,205.43111107855626,205.66486420450758,96081800
2017-03-16,206.4613037109375,207.08463645734392,206.13233207986562,207.00672316657324,78344000
2017-03-17,206.09877014160156,206.9161069685925,206.09877014160156,206.72481480620766,89002100
2017-03-20,205.87266540527344,206.38567007845458,205.48139087941647,206.0987318881352,52537000
2017-03-21,203.2292938232422,206.60297570737617,203.09887344837574,206.4812456016387,131809300
2017-03-22,203.70761108398438,203.99454929897394,202.63812374999932,203.26416835223256,97569200
2017-03-23,203.49021911621094,204.6292683476359,203.11633839891192,203.70759532885208,100410300
2017-03-24,203.3424072265625,204.36841659360624,202.55985815907462,203.79455346899104,112504900
2017-03-27,203.13375854492188,203.39461270446392,201.38605823089944,201.66429293817558,87454500
2017-03-28,204.61190795898438,205.03795688647148,202.71638029888368,202.82942018622143,93483900
2017-03-29,204.80320739746094,205.0379774687322,204.0989104512409,204.3249902486109,61950400
2017-03-30,205.455322265625,205.6553179601674,204.568436754322,204.7423350937387,56737900
2017-03-31,204.97705078125,205.64655987380408,204.92486935243195,205.1161614553301,73733100
2017-04-03,204.6205596923828,205.2292103795787,203.38586450761696,205.02922799684075,85546500
2017-04-04,204.75100708007812,204.8379628758166,203.95106417613255,204.33364844923514,56466200
2017-04-05,204.142333984375,206.41174202197652,203.93364805798294,205.4291973614838,108800600
2017-04-06,204.71620178222656,205.2378966750352,203.83799348780911,204.28144940442454,69135800
2017-04-07,204.50753784179688,205.20314437455087,204.02061724914643,204.46405994582642,74412300
2017-04-10,204.62928771972656,205.42923066586496,204.09888917996614,204.64668153331002,67615300
2017-04-11,204.38575744628906,204.49009375689465,202.89020841219906,204.24663352042305,88045300
2017-04-12,203.49021911621094,204.29886552638334,203.26415263139694,204.10757339785184,81864400
2017-04-13,202.1685791015625,203.8902083526426,202.1685791015625,203.15112388214533,92880400
2017-04-17,203.9597930908203,203.9597930908203,202.49032752612953,202.69030996009775,68405400
2017-04-18,203.35110473632812,203.89020679103865,202.66420170976033,203.2206843096354,83225800
2017-04-19,202.97723388671875,204.29018156053755,202.751154112652,203.9163008074154,68699900
2017-04-20,204.62928771972656,205.0727437267544,203.27286214724873,203.59457472678474,92572200
2017-04-21,203.97711181640625,204.60315628461015,203.57714706969165,204.55098812352472,110389800
2017-04-24,206.22048950195312,206.42917546841417,203.9510810286112,206.2291797752084,119209900
2017-04-25,207.4203643798828,207.7681609789066,206.77692607734,206.86388186089084,76698300
2017-04-26,207.28997802734375,208.27252288189902,207.2465133932355,207.38562410404907,84702500
2017-04-27,207.46383666992188,207.76815536895333,206.92473470812456,207.61165088389535,57410300
2017-04-28,207.01170349121094,207.75077460749748,206.88126981121428,207.7246905250162,63532800
2017-05-01,207.53341674804688,207.95947891220902,207.11605812387444,207.53341674804688,66882500
2017-05-02,207.61166381835938,207.79425239563585,207.20299550290594,207.67252225492143,57375700
2017-05-03,207.3594970703125,207.70730694429366,206.68128440053687,207.6116608873976,73137700
2017-05-04,207.60296630859375,207.7420902641909,206.75085529884487,207.663838014514,61462700
2017-05-05,208.42031860351562,208.43771241616818,207.53341990451747,207.97687588781238,62001300
2017-05-08,208.38552856445312,208.6115950415581,207.95946642587268,208.46378081411362,48385700
2017-05-09,208.19418334960938,208.84631179899168,207.84637354938644,208.64632945610552,51363200
2017-05-10,208.568115234375,208.568115234375,207.9420707076507,208.15075663908897,54293800
2017-05-11,208.14210510253906,208.30731317055745,207.055223884095,208.11602101470385,62358300
2017-05-12,207.7942657470703,208.18554027682222,207.52472136585433,207.8899118114622,53912700
2017-05-15,208.94204711914062,209.06377728433864,208.20296258698576,208.2203564013263,61918900
2017-05-16,208.75070190429688,209.2637065224087,208.3594274204419,209.23762244132436,51241800
2017-05-17,205.04661560058594,208.7507010427633,204.98574389991396,208.7507010427633,172174100
2017-05-18,205.87266540527344,206.72477643654275,204.70751883220936,204.96837293864434,107047700
2017-05-19,207.2117156982422,207.88123820265318,206.30743641771704,206.35960459018685,115011400
2017-05-22,208.2638397216797,208.42904779323078,207.65518887985462,207.7247376038404,61010600
2017-05-23,208.72463989257812,208.88984793530696,208.25509984823398,208.63768410137635,48341700
2017-05-24,209.21157836914062,209.315914713431,208.62030812711365,208.95942778124154,46927700
2017-05-25,210.21145629882812,210.48970417762848,209.51586313700543,209.72453577851658,64071700
2017-05-26,210.16802978515625,210.3332245671098,209.94195002574028,210.02020228049588,46629900
2017-05-30,209.9854278564453,210.23757843310824,209.68979938240147,209.846303891863,35201900
2017-05-31,209.93324279785156,210.31582703587898,209.23763629849174,210.28103941373627,91796000
2017-06-01,211.60276794433594,211.62016176177855,210.1072180665598,210.39415635018378,68962000
2017-06-02,212.30699157714844,212.46350934483175,211.35923450190143,211.6548629582479,88666100
2017-06-05,212.1505126953125,212.42005710085908,211.95051700870053,212.1331188817827,44698800
2017-06-06,211.47227478027344,212.14178394429635,211.39400926248635,211.58530138580454,50375400
2017-06-07,211.86355590820312,212.08962239390854,211.14186528727782,211.81138773977813,54144300
2017-06-08,211.96795654296875,212.44618701124867,211.43755789043922,211.95926626812553,65950700
2017-06-09,211.64620971679688,213.0374097199735,210.37672661215007,212.23746673293851,132256400
2017-06-12,211.60276794433594,211.65493612906843,210.7506566359829,211.40278548032964,86108100
2017-06-13,212.63742065429688,212.6895888241833,211.7939998608889,212.14179650519276,60067000
2017-06-14,212.36785888671875,212.91563789329288,211.54181870580695,212.90694762155346,78602300
2017-06-15,211.95921325683594,212.08094341217182,210.7332081632153,211.011442832158,66464900
2017-06-16,212.0055694580078,212.17158320631836,211.12309146134677,212.11916061891415,84553100
2017-06-19,213.77049255371094,213.8316477816918,212.7394663393128,212.83557883953387,65123800
2017-06-20,212.32876586914062,213.42094710997827,212.3113005685364,213.41221445967616,56906400
2017-06-21,212.27633666992188,212.83553291446637,211.8045202548303,212.7219551349257,55977600
2017-06-22,212.1802215576172,212.78310770940732,212.00547523316976,212.2850800181176,44148100
2017-06-23,212.43370056152344,212.7657147119167,211.85702545968385,212.2414755275769,66986800
2017-06-26,212.57342529296875,213.52581752080175,212.36373501566268,213.1064103016071,56700500
2017-06-27,210.8609619140625,212.6521425055375,210.8434832744342,212.35505896103896,82247700
2017-06-28,212.74815368652344,212.94911128349185,211.64722656337204,211.8831414229458,70042600
2017-06-29,210.87840270996094,212.9491745023948,209.66389745351125,212.89675192521318,106949700
2017-06-30,211.27159118652344,212.06670251511287,211.07936617670416,211.69098514781385,86820700
2017-07-03,211.6298370361328,212.65211735058313,211.6298370361328,212.21524473762346,39153800
2017-07-05,212.119140625,212.3288309548518,211.18422679676195,211.9968168218216,54427600
2017-07-06,210.1793975830078,211.47253666633034,209.99590523609857,211.35021287915515,65400800
2017-07-07,211.54241943359375,211.69095449562056,210.18811190861874,210.75605420350075,57972300
2017-07-10,211.76959228515625,212.14530960503038,211.23660724925944,211.5424233623595,36663300
2017-07-11,211.61233520507812,211.92688398522515,210.44151993042246,211.76960292900532,50354600
2017-07-12,213.20249938964844,213.36851306248926,212.5821479443157,212.5821479443157,59610400
2017-07-13,213.56080627441406,213.6743974199874,212.98413122621804,213.21131351736477,39471600
2017-07-14,214.5568389892578,214.91507767060173,213.46465764293498,213.56077013470306,60262700
2017-07-17,214.5306396484375,214.86266706254005,214.35589328975448,214.47821707406186,33531900
2017-07-18,214.6442413330078,214.69666390996053,213.77922881640785,214.11998889889392,42742500
2017-07-19,215.80633544921875,215.8150681017428,214.95005553928004,214.95880152409805,51034300
2017-07-20,215.9024200439453,216.1820115438022,215.35195636333438,216.05968776281,47135200
2017-07-21,215.71026611328125,215.73647740839314,215.0986336745468,215.3258160085784,82340800
2017-07-24,215.65777587890625,215.79756496489048,215.18594605029563,215.6315512597235,46622300
2017-07-25,216.18206787109375,216.51409536270913,215.95489888500177,216.4092368571857,54915600
2017-07-26,216.1907501220703,216.5052989007153,215.92863725010994,216.47035496188477,47575400
2017-07-27,215.98980712890625,216.68880594357,214.66171071427445,216.6538620023689,70766600
2017-07-28,215.7364044189453,215.86746085016472,215.05488431202022,215.50922216177554,50088400
2017-07-31,215.6140594482422,216.2344109381013,215.40435584660898,216.1382984538891,65838700
2017-08-01,216.0946502685547,216.2519179912297,215.57039786171953,216.21697405251055,55050400
2017-08-02,216.19943237304688,216.33923475174208,215.26451896434745,216.22564365251617,47211200
2017-08-03,215.78013610839844,216.11215024251916,215.50053122461816,216.0859389512016,40856000
2017-08-04,216.1732635498047,216.50527759905225,215.78881359903158,216.26937603749795,60191800
2017-08-07,216.5751495361328,216.5751495361328,216.1382770751604,216.24313553175062,31995000
2017-08-08,216.042236328125,217.48392392735892,215.66653228645106,216.26067263113373,61719400
2017-08-09,216.0334930419922,216.0859156189669,214.99373415768284,215.35197287673438,62632600
2017-08-10,212.98410034179688,215.32574413781086,212.9316777690706,215.194674373703,120479500
2017-08-11,213.29864501953125,213.89279860771543,212.97536360572468,213.21127851076045,74869900
2017-08-14,215.41311645507812,215.63155273552076,214.5481173171926,214.58306125585472,73291900
2017-08-15,215.3869171142578,215.81505704729705,215.08111430405256,215.7975784108503,55242700
2017-08-16,215.76258850097656,216.31305210727757,215.33444865915462,215.9111235483947,56715500
2017-08-17,212.3987274169922,215.46558174531143,212.3987274169922,215.15103292528622,128490400
2017-08-18,212.06666564941406,213.35980458243137,211.6210471439841,212.23266600876988,136748000
2017-08-21,212.23269653320312,212.49482275075206,211.2977961337735,212.00552758855042,65469700
2017-08-22,214.4520263671875,214.60929410540695,212.80064845441382,212.81812709164726,63140100
2017-08-23,213.68309020996094,214.11123008992666,213.33359751810963,213.482132578761,50203800
2017-08-24,213.18508911132812,214.224834665884,212.9753854706238,214.0675669345757,50741700
2017-08-25,213.68309020996094,214.60052519143514,213.53455514930954,213.9801603312637,64445900
2017-08-28,213.69183349609375,214.24228381219737,213.27242627241588,214.21607252725394,40565600
2017-08-29,213.9365234375,214.19863633887476,212.25892087493708,212.3725120203955,51135700
2017-08-30,214.95001220703125,215.22088436819834,213.7355071363261,213.91899946069202,62030800
2017-08-31,216.24317932128906,216.48782688239191,214.98498424573597,215.5703918621101,103803900
2017-09-01,216.5490264892578,216.9771664750832,216.40049139188042,216.61892771136982,62007000
2017-09-05,214.99374389648438,216.26941776725877,214.0238861816397,216.0422354803531,91398800
2017-09-06,215.72767639160156,216.0597038213834,215.14226872960788,215.67525381475036,57916900
2017-09-07,215.7014923095703,216.05099841981678,215.290830962715,216.03351978123072,58034700
2017-09-08,215.4480743408203,215.91115819009667,215.20342677260987,215.41311706976592,63832800
2017-09-11,217.7460174560547,217.82465131357796,216.70625867671842,216.72372397908455,71364800
2017-09-12,218.47996520996094,218.51490914779853,217.92950152990056,218.1129938673514,56896000
2017-09-13,218.58482360839844,218.61978088064765,218.07804981912886,218.1916409554993,59228000
2017-09-14,218.514892578125,218.7158635354014,218.0867660436909,218.26151238421244,95446300
2017-09-15,218.80906677246094,218.89686685756087,218.26466069008939,218.3700261515919,95432400
2017-09-18,219.2744598388672,219.6256869939277,218.88810192922634,219.17787036145697,46235200
2017-09-19,219.49400329589844,219.581816793148,219.1691174733004,219.5203446653816,47108100
2017-09-20,219.57301330566406,219.68716816506696,218.5720011342028,219.5818026938998,59574100
2017-09-21,218.9846649169922,219.50272959749836,218.80905136070515,219.4149295185826,48211400
2017-09-22,219.02867126464844,219.1955089084543,218.659878609191,218.6862199846907,51214000
2017-09-25,218.58078002929688,219.12519956729818,217.8344189345128,218.77395899464284,57064400
2017-09-26,218.7124786376953,219.25688472339672,218.47539294940808,219.01102304608276,54082000
2017-09-27,219.56427001953125,219.95062800263506,218.5281269377111,219.41499778032474,81001400
2017-09-28,219.82765197753906,219.9066760764516,219.1954323893251,219.28323247752004,44778800
2017-09-29,220.60037231445312,220.67940981824583,219.63449087507146,219.81888045418575,85578000
2017-10-02,221.5574951171875,221.5574951171875,220.65305899008868,220.82868598080037,59023000
2017-10-03,222.03164672851562,222.05798809666817,221.47845120039642,221.55748870331192,66810200
2017-10-04,222.2950439453125,222.5409056140124,221.7681898561236,221.88234470175428,55953600
2017-10-05,223.61216735839844,223.62971933596165,222.3301628781078,222.62870727815627,63522800
2017-10-06,223.35751342773438,223.64728183527401,222.9009208447531,223.1643344893746,80646000
2017-10-09,222.98873901367188,223.64729997555423,222.72531194922752,223.58584125297622,35803100
2017-10-10,223.57705688476562,223.95463881191978,223.01508538728058,223.55950490561045,43057400
2017-10-11,223.9282989501953,223.9282989501953,223.3136447141977,223.4804689080376,47674300
2017-10-12,223.59461975097656,223.9634122859535,223.35753405047097,223.61218512839181,47065100
2017-10-13,223.8668670654297,224.14785956579587,223.59466395473734,224.03370468771462,54800400
2017-10-16,224.16537475585938,224.35855371853964,223.75268886117814,224.09514004075535,38221700
2017-10-17,224.3234100341797,224.36731677481,223.89314541353218,224.11266571822773,31561000
2017-10-18,224.5429229736328,224.7448778957607,224.3497440399607,224.70097115657055,40888300
2017-10-19,224.60438537597656,224.63951612728752,223.33995969635575,223.76143492289603,61903800
2017-10-20,225.76351928710938,225.7898874568829,224.5869067032673,225.40352945709162,89176400
2017-10-23,224.88536071777344,226.11469582135382,224.8063366262995,226.08835445752916,63915300
2017-10-24,225.280517578125,225.51758986265568,224.9205010592293,225.3156483303596,66935900
2017-10-25,224.16537475585938,225.06102145569892,223.032655746014,224.94686659635397,103715300
2017-10-26,224.4551544189453,225.05224331637783,224.33222356368222,224.78005363521498,69798000
2017-10-27,226.29031372070312,226.44838871295423,224.46391649289177,225.20150153471445,85562500
2017-10-30,225.44737243652344,226.19374689647515,225.14882801192564,225.2015107458597,54285700
2017-10-31,225.7986602783203,226.0533114253819,225.50011577348886,225.82500165236655,60304800
2017-11-01,226.09715270996094,226.9225513025389,225.72837355824814,226.58011351880558,54202700
2017-11-02,226.18495178222656,226.32544800146528,224.95564336003008,226.0269035844257,56449500
2017-11-03,226.9401092529297,226.98400259656225,225.9302943802501,226.34299363866583,59589700
2017-11-06,227.2913818359375,227.42308869008087,226.73818625161684,226.80842097485382,49652600
2017-11-07,227.13328552246094,227.73037433277466,226.62398339837767,227.39669917497793,57502200
2017-11-08,227.5196533203125,227.61625620642917,226.67670269934942,226.95769517197613,50469600
2017-11-09,226.69422912597656,226.88740805668158,225.10487754336523,226.30787126456653,95085500
2017-11-10,226.6239776611328,226.79960462297313,225.99175811418456,226.30788128611474,59984700
2017-11-13,226.83473205566406,227.06304177030458,225.903968014781,225.93909877016756,50228600
2017-11-14,226.30792236328125,226.4132878407455,225.2454246060438,226.02692989209862,61315200
2017-11-15,225.1751708984375,225.86007324111657,224.46392718861364,225.3332191013062,80811500
2017-11-16,227.0894012451172,227.45820721379678,226.07961302178265,226.12350637182965,67777000
2017-11-17,226.4220428466797,227.06305187566716,226.34301874122906,226.7381660653982,75756800
2017-11-20,226.8084259033203,227.0016048925678,226.42206792482534,226.66795645379398,48075500
2017-11-21,228.29234313964844,228.47675950200642,226.77327967708692,227.58109944745067,69176800
2017-11-22,228.0904541015625,228.432891944787,227.9236164764028,228.30118508200835,45033400
2017-11-24,228.61724853515625,228.72264080707834,228.4416483424521,228.5821445747652,27856500
2017-11-27,228.50311279296875,228.95970543496196,228.30114444138104,228.66116100016845,52274900
2017-11-28,230.8212127685547,230.84755413404903,228.87187133123342,228.96847420265473,98971700
2017-11-29,230.68072509765625,231.48857166425947,230.23292186766633,230.95292815015088,77512100
2017-11-30,232.70030212402344,233.61348725759353,231.5236765582646,231.60270064884793,127894400
2017-12-01,232.2173614501953,232.9637358771509,228.96847688126124,232.48080190513375,164390900
2017-12-04,231.93643188476562,234.2721048076017,231.88372234804987,233.84185350027676,94040600
2017-12-05,231.10220336914062,232.82323509394593,230.97049654271137,231.10220336914062,77994500
2017-12-06,231.1460723876953,231.57635037130103,230.6806904520112,231.19875511272298,75898600
2017-12-07,231.87496948242188,232.19106593447063,230.8827331797378,231.87496948242188,77218600
2017-12-08,233.13937377929688,233.1481363703664,231.83980381263683,232.8320399659141,76563900
2017-12-11,233.84181213378906,233.90328425165183,233.1130164975584,233.84181213378906,83077500
2017-12-12,234.2545166015625,234.72868798333855,233.87694809242296,234.63208511070204,85195800
2017-12-13,234.2281494140625,234.93939300986128,234.1403359386864,234.50035242989114,102905400
2017-12-14,233.27108764648438,234.64089236756638,233.21840491082085,234.52673750799033,100666700
2017-12-15,235.21360778808594,235.68136854915952,234.22513425026128,234.27808626593875,144610300
2017-12-18,236.70518493652344,237.05820740084656,236.5110185410626,236.6169225869708,83653600
2017-12-19,235.79612731933594,236.9964090238402,235.72550666972617,236.9522913182487,82382900
2017-12-20,235.6725311279297,236.81986069765932,235.37246073175245,236.76690868268003,76751500
2017-12-21,236.1578826904297,236.872788606373,235.91076436247954,236.29909701124086,67032300
2017-12-22,236.09620666503906,236.21094502457504,235.55782519349802,236.17563469843614,78720900
2017-12-26,235.81378173828125,236.03442414591586,235.5490216226748,235.6902090617398,45244400
2017-12-27,235.92848205566406,236.29033877790113,235.65488766902587,235.98143407024673,57751000
2017-12-28,236.4138946533203,236.45803928995718,236.0432305353237,236.43156328152884,45116100
2017-12-29,235.52252197265625,237.01406682384695,235.32838250775353,236.9964251271889,96007400
2018-01-02,237.208251953125,237.2435622831173,235.99913575631692,236.38746858456201,86655700
2018-01-03,238.70860290527344,238.85865158951364,237.3759141786167,237.3759141786167,90070400
2018-01-04,239.71469116210938,240.20012055188528,238.77036225821254,239.35286136561325,80636400
2018-01-05,241.3121795654297,241.43572529750236,240.01480124229727,240.50903803835863,83524000
2018-01-08,241.75355529785156,241.9124114133766,240.9239374493603,241.21517366115614,57319200
2018-01-09,242.30067443847656,242.92729133603828,241.89467301514344,242.17710176166534,57254000
2018-01-10,241.92996215820312,242.1947491850902,240.87089485231098,241.5416293992104,69574300
2018-01-11,243.69515991210938,243.69515991210938,242.31835322941092,242.48604363996066,62361500
2018-01-12,245.2837677001953,245.45143115364405,243.65981585083966,243.95991323209685,90816100
2018-01-16,244.44525146484375,247.19886372475867,243.74801408689058,246.54577097779656,106555100
2018-01-17,246.77528381347656,247.16361660931761,244.4453139723181,245.38083563487487,113258800
2018-01-18,246.3605499267578,247.0842367018896,245.8662860535045,246.66062043037698,100728000
2018-01-19,247.48129272460938,247.48129272460938,246.36043926451566,246.94291137620584,140920100
2018-01-22,249.49362182617188,249.49362182617188,247.21657699770483,247.2695559570102,91322400
2018-01-23,250.02313232421875,250.31436842127192,249.21115649717146,249.5377029172836,97084700
2018-01-24,249.92601013183594,251.26753293215157,248.7433703021086,250.66736523701357,134816100
2018-01-25,250.03187561035156,250.88796892135434,249.2375686153922,250.7908992251815,84587300
2018-01-26,252.92674255371094,252.9708871867887,250.61441489111698,250.87036757454462,107743100
2018-01-29,251.2498779296875,252.79437454936289,251.09102188436725,252.3530898008842,90118300
2018-01-30,248.67276000976562,251.30279955496465,248.19616499755548,249.41411506549235,131796400
2018-01-31,248.79637145996094,250.0319635459945,247.71963544201296,249.52891933039018,108364800
2018-02-01,248.51390075683594,249.82011327517833,247.71959361663272,248.0638086399211,90102500
2018-02-02,243.10385131835938,247.32253369645537,243.06854098644754,247.19012668525886,173174800
2018-02-05,232.9365692138672,243.45680984544458,232.3893804155694,241.33864836363057,294681800
2018-02-06,237.52598571777344,238.02905690677133,228.32079028658086,229.4151680867395,355026800
2018-02-07,236.23739624023438,240.3766225268729,236.15794128128965,236.96991709393592,167376100
2018-02-08,227.37640380859375,236.67869466616017,227.34109348412244,236.537480302161,246449500
2018-02-09,230.7919464111328,232.65415530668193,223.2194977579772,230.174136928256,283565300
2018-02-12,234.18096923828125,235.65487203674877,230.9331202012035,232.84828078062773,143736000
2018-02-13,234.7635040283203,235.31069284858867,232.38938974640575,232.97188889072277,81223600
2018-02-14,237.93194580078125,238.2938025849212,233.26314486790656,233.27197918314275,120735700
2018-02-15,240.96791076660156,240.976745079024,237.2081566822243,239.67936704525152,111200300
2018-02-16,241.0384979248047,242.98899554569596,240.29714291617378,240.34128754320906,160420100
2018-02-20,239.52931213378906,241.53276176193447,238.7350051190596,240.08533512426328,86369700
2018-02-21,238.33790588378906,242.45951770059347,238.24083615761157,239.9706650043789,98883700
2018-02-22,238.64682006835938,240.9856241766119,237.9760854716206,239.26462957645055,110511300
2018-02-23,242.45065307617188,242.45065307617188,239.39697023239063,239.87356529065386,92766400
2018-02-26,245.26605224609375,245.36314889417284,242.9360828326745,243.5273892992287,86491400
2018-02-27,242.20355224609375,246.166307793249,242.14176591420014,245.45140168712348,99099200
2018-02-28,239.74996948242188,243.75684205577346,239.4322574301841,243.30672304788965,121907800
2018-03-01,236.26388549804688,241.0915421403742,234.7635064501868,239.53821107283775,176855100
2018-03-02,237.48175048828125,238.04660780444684,233.72202334633633,234.58692407763087,139083200
2018-03-05,240.2266387939453,240.84444833177375,236.18445465329583,236.29038563735196,97307400
2018-03-06,240.8356170654297,241.2857362182289,239.33523784535836,241.20628124570868,79213200
2018-03-07,240.747314453125,241.10033687708273,238.4702969247958,238.66446329805524,87063500
2018-03-08,241.91232299804688,242.03586873144707,240.42961259393087,241.42689357727699,66901200
2018-03-09,246.1221923828125,246.1221923828125,243.0067226159625,243.32446169351462,113625300
2018-03-12,245.81329345703125,247.04007821993446,245.4249606496294,246.41346129912688,71924800
2018-03-13,244.22462463378906,247.4813081303732,243.61564954523217,246.97823706871617,91968900
2018-03-14,242.97137451171875,245.37196464819485,242.4153783467525,245.1866325932061,105895100
2018-03-15,242.70663452148438,244.12755861714484,242.20356339670718,243.4833000613749,83433000
2018-03-16,242.9698486328125,244.02431508135098,242.91668452967286,243.23566914851065,100343700
2018-03-19,239.68231201171875,243.14698261522844,238.02530151476924,242.21658403898252,109208400
2018-03-20,240.08999633789062,240.72799258315302,239.40767864787827,240.08112664058862,59757300
2018-03-21,239.6292266845703,242.1457601485624,239.41657026393403,240.04569686949142,78709600
2018-03-22,233.63919067382812,238.2469179525144,233.36447339422054,237.39626518505546,148785900
2018-03-23,228.65919494628906,234.41003001905378,228.46425092616556,234.08217576742703,183534800
2018-03-26,234.9150848388672,235.19864468901096,229.86430683674024,232.27451147945092,141956100
2018-03-27,230.9187774658203,236.38602565165627,229.35922530201648,235.85438472468334,129941400
2018-03-28,230.23646545410156,232.72644338397635,229.1288350931325,231.05169329814782,146452300
2018-03-29,233.1783447265625,235.04803889006126,230.24534161174782,231.37955405153937,111601600
2018-04-02,228.14529418945312,233.16064818985345,225.6641992387949,232.6466925096968,186286300
2018-04-03,231.06947326660156,231.54797729425644,227.58708888268856,229.38588003361113,119956900
2018-04-04,233.5416259765625,234.25049853560776,227.3743481792535,227.50725840385513,123715300
2018-04-05,235.38475036621094,236.27085463283558,234.21508624424493,235.30497718546928,82652600
2018-04-06,230.1390380859375,234.91512678663153,228.61493742145734,233.4176352144998,179521200
2018-04-09,231.27322387695312,234.67586116714338,230.33395547588924,231.60107814350746,105442900
2018-04-10,234.95057678222656,235.73922268005245,233.02774537327005,234.17080058178396,103529000
2018-04-11,233.71885681152344,235.38473706532483,233.39100257807937,233.4618790170316,91140200
2018-04-12,235.6416473388672,236.58978517772675,234.8707411295748,235.04797275914203,68890500
2018-04-13,234.95057678222656,237.068379283054,233.9404318256607,236.95318138411224,85079200
2018-04-16,236.88221740722656,237.65315075520957,235.7657445341628,236.58981492759767,63405300
2018-04-17,239.41650390625,240.0190482922241,238.14051165256654,238.65444020724917,64682000
2018-04-18,239.59373474121094,240.40006579043967,239.13294323678886,239.8595551924122,57303900
2018-04-19,238.26463317871094,239.14186791110615,237.22787909716655,238.93805415715846,77655900
2018-04-20,236.24432373046875,238.41529071888917,235.35821917058536,238.19376457891832,99953100
2018-04-23,236.20880126953125,237.37846529456723,235.1277530721654,236.8202153261749,65558000
2018-04-24,233.0277099609375,237.4582312976533,231.52132188975162,237.2367052308175,112885500
2018-04-25,233.60366821289062,234.04672033876062,231.14029947472375,232.96567206996764,103840900
2018-04-26,235.97840881347656,236.8113489300226,234.1884880533214,234.6315401560904,67731900
2018-04-27,236.19996643066406,236.89112672168028,235.26069801061018,236.58985449654583,57053600
2018-04-30,234.3834228515625,237.3784592752901,234.31251937452276,236.82020932105345,82182300
2018-05-01,234.79991149902344,234.90623968125524,232.25676961245424,233.81632172986846,74203400
2018-05-02,233.2227020263672,235.4202237553538,232.83281390507696,234.6050228048464,86368900
2018-05-03,232.70877075195312,233.36447946039712,229.54537104347432,232.38978609652565,136311500
2018-05-04,235.7214813232422,236.40379901383028,231.4061572480976,231.73401154742743,91222100
2018-05-07,236.51898193359375,237.4936750725486,235.80121254098256,236.49239988510877,55304900
2018-05-08,236.51898193359375,236.8822609156357,234.95055994770482,236.14680621304566,67499200
2018-05-09,238.80519104003906,239.13304541719617,236.6696756970438,237.19247416896548,59666100
2018-05-10,241.03805541992188,241.36593668990807,239.44307867218376,239.54940684979908,72063900
2018-05-11,241.77357482910156,242.03939531467498,240.64820500940436,241.16216067052423,59871500
2018-05-14,241.88865661621094,242.86334928997738,241.33924947347117,242.20764104579004,54790600
2018-05-15,240.22293090820312,240.6748258064327,239.27479262074428,240.6571134517956,87036100
2018-05-16,241.23301696777344,241.69380849328593,240.2317148194943,240.25832390758728,53942600
2018-05-17,241.029296875,242.11034546091818,240.24952057804086,240.96726306915923,56536400
2018-05-18,240.4266815185547,241.04696538059724,240.07224518671268,240.6836593518876,64368000
2018-05-21,242.2343292236328,242.7748669107104,241.52545659723572,241.9153446542813,58025900
2018-05-22,241.5608673095703,243.01409126380685,241.23301306280507,242.75711345887365,52966400
2018-05-23,242.22544860839844,242.25205769640226,240.12538582956066,240.28490514880306,64694200
2018-05-24,241.729248046875,242.10142376021437,239.93932705278604,241.8267335839373,76043800
2018-05-25,241.1532745361328,241.7824010036127,240.6481886062128,241.15327453613284,56374800
2018-05-29,238.37977600097656,240.28492193492724,237.2633029388205,239.52285815299538,115908600
2018-05-30,241.5608673095703,242.0039194358489,239.62032387488537,239.6912003167174,69678400
2018-05-31,240.08114624023438,241.45459734616614,239.47860169322962,241.15332507266376,93519900
2018-06-01,242.43814086914062,242.7394130848632,241.31277110614707,241.38367459323302,71258400
2018-06-04,243.5900421142578,243.84701990705332,243.0229494811194,243.26218788297794,45385200
2018-06-05,243.76736450195312,244.14838296434783,242.95213642630986,243.723043049869,51135000
2018-06-06,245.80535888671875,245.91168708965282,243.75845985495647,244.37874376108593,62732200
2018-06-07,245.77870178222656,246.58505979725203,244.86601559673664,246.29265732847472,72969400
2018-06-08,246.50526428222656,246.5584283568074,245.149526296921,245.317888213676,72139700
2018-06-11,246.83328247070312,247.55102499631073,246.6117563321387,246.7269542508746,58892500
2018-06-12,247.15219116210938,247.51547008119195,246.50532537207116,247.24964964241113,72329000
2018-06-13,246.36363220214844,247.6484945394146,246.15981843281781,247.3915166636087,79070600
2018-06-14,246.98388671875,247.51552772011485,246.3901848782126,247.23199486664026,77097600
2018-06-15,246.66876220703125,247.00699817002496,245.0844151934163,246.19701919632521,120041600
2018-06-18,246.16139221191406,246.28601689044203,244.72837138793372,245.2089967283596,52917600
2018-06-19,245.2179718017578,245.44049264731294,243.4645064522558,243.882846728427,97531500
2018-06-20,245.63629150390625,246.30385398465788,245.29805550088216,245.90330563093215,53785500
2018-06-21,244.0963897705078,245.64515289332783,243.59794538894184,245.62733384622663,71061400
2018-06-22,244.5414581298828,245.47606182010338,244.31893732219,245.3603466539936,54898500
2018-06-25,241.21258544921875,243.54459945689817,239.52143253368837,243.3843909746579,137854200
2018-06-26,241.7466278076172,242.6011001631915,241.0256625133535,241.78223874502882,68547400
2018-06-27,239.74388122558594,243.76704693815043,239.5925551513261,242.33402622846612,105110700
2018-06-28,241.1145782470703,241.88003652950187,238.97835748186284,239.69044012465713,76650500
2018-06-29,241.4617919921875,243.5801945524205,241.34607681925587,242.209458690531,97592500
2018-07-02,241.97804260253906,242.13827824698606,239.6460286091395,239.88636849421613,63554800
2018-07-03,241.1234893798828,242.97487730890788,240.69626690639905,242.87695404994875,42187100
2018-07-05,243.09060668945312,243.15291903184198,241.17693326589728,242.25395348199058,56925900
2018-07-06,245.14675903320312,245.52057881482605,242.73461368749187,243.11737015768867,66493700
2018-07-09,247.3541259765625,247.40752879769465,246.10801487817074,246.1525081747193,50550400
2018-07-10,248.24429321289062,248.34221652689095,247.51441819286595,247.80816097167306,51966800
2018-07-11,246.42848205566406,247.47880113287118,246.12585695314345,246.6866138525632,77054700
2018-07-12,248.66258239746094,248.7159852256752,247.08714463876333,247.6923948006506,60124700
2018-07-13,248.85845947265625,249.1610846237062,248.03068828038482,248.48463958855703,48216000
2018-07-16,248.63584899902344,249.04527968372676,248.1908073790288,248.90289026893112,48201000
2018-07-17,249.64173889160156,250.0333778337741,247.80816891833686,247.86157175925177,52315500
2018-07-18,250.1668243408203,250.27362999677976,249.27674099024082,249.72178266553058,44593500
2018-07-19,249.22329711914062,249.88194999787956,248.74264458329083,249.49922073932495,61412100
2018-07-20,248.93844604492188,249.65052885474194,248.77823759890552,249.01855026793007,82337700
2018-07-23,249.4013214111328,249.6060231609765,248.38661353332483,248.7337590167381,47047600
2018-07-24,250.6563720703125,251.50196216165705,249.78410772680925,250.8166077255917,68026900
2018-07-25,252.7926025390625,253.11301953412732,250.3626650070592,250.40715831308805,78882900
2018-07-26,252.19610595703125,252.88146006653778,251.9735852140929,252.0715084658376,57919500
2018-07-27,250.4872589111328,252.62345343835037,249.5615646561699,252.52553014866635,76768700
2018-07-30,249.17881774902344,250.72755391830702,248.65364472571542,250.56734545179876,63742500
2018-07-31,250.4071502685547,251.021309985889,249.5615873388378,249.94431668059985,68570500
2018-08-01,249.98873901367188,251.11916199202,249.3389957023953,250.6118080803133,53853300
2018-08-02,251.35072326660156,251.5198141620923,248.47574343212202,248.6804724408471,63426400
2018-08-03,252.42762756347656,252.48103038805158,251.2972043958702,251.47523191991127,53935400
2018-08-06,253.35333251953125,253.6648399550099,252.07161034910087,252.46324918802057,39400900
2018-08-07,254.18992614746094,254.5726825341171,253.8873011454216,254.02083534432882,43196600
2018-08-08,254.0832061767578,254.48375458215202,253.62037257581434,254.02092098120858,42114600
2018-08-09,253.73605346679688,254.5371230061063,253.60254640410975,254.1454841800996,35717000
2018-08-10,252.0359649658203,252.83703442206476,251.3238821000155,252.29409670237354,77076000
2018-08-13,251.09255981445312,252.92612964432766,250.79881704919782,252.3119698586404,65732900
2018-08-14,252.69464111328125,252.93498098651025,251.43073805029013,251.82237687174307,43842000
2018-08-15,250.8076629638672,251.48413494190643,249.36573241125578,251.34171835899366,102925400
2018-08-16,252.83702087402344,253.70931215169938,252.21395179522884,252.24956272740687,69967900
2018-08-17,253.7271728515625,254.1722145533527,252.22292972645653,252.63236048641033,65618500
2018-08-20,254.27005004882812,254.53706411242183,253.7270852352804,254.1810363065701,39807500
2018-08-21,254.866455078125,255.7298369867087,254.30569823933934,254.7863508387538,67272000
2018-08-22,254.7151336669922,255.24027952091583,254.18996064988363,254.45700192076364,44993300
2018-08-23,254.37686157226562,255.400451724015,254.05641752534294,254.53707001413642,49204900
2018-08-24,255.90777587890625,256.0501924206339,254.90197772763986,254.95538053539047,57487400
2018-08-27,257.9283142089844,258.0351198491937,256.9492172350919,257.1094256954059,57072400
2018-08-28,258.0528869628906,258.49792848298426,257.59002639755886,258.3910957010917,46943500
2018-08-29,259.4413757324219,259.6727788174805,258.02614716866555,258.26645977501767,61485500
2018-08-30,258.3911437988281,259.3346298239958,257.79480326227804,258.96081008891326,61229500
2018-08-31,258.4000549316406,258.8450965373461,257.49217983474773,257.98171473575013,66140800
2018-09-04,257.95501708984375,258.3110449469662,256.94921870016407,257.9817185000483,57594400
2018-09-05,257.2607421875,257.8037070558668,256.2460614802188,257.59897814432145,72452400
2018-09-06,256.48638916015625,257.67018791507263,255.45388934433913,257.3675628736894,65909900
2018-09-07,255.98797607421875,256.9670731887261,255.19578885692113,255.43612874509316,73524800
2018-09-10,256.43292236328125,257.2696025714442,256.2371030132181,257.0025613687155,50210900
2018-09-11,257.27862548828125,257.72366723945504,255.43617328244838,255.78329172350365,50530500
2018-09-12,257.34088134765625,257.9461314771901,256.5487213293637,257.2874785222966,59810800
2018-09-13,258.86297607421875,259.04991316940465,258.1242187104043,258.4090519536649,51034200
2018-09-14,258.90740966796875,259.25452799661804,258.1241320934378,259.0676181273453,55079900
2018-09-17,257.5366516113281,258.88956820088225,257.26072801190054,258.8539844328915,68244000
2018-09-18,258.9340515136719,259.53039191856624,257.72352449608434,257.75022589983814,61930400
2018-09-19,259.21014404296875,259.6284844165975,258.86299840470014,258.9876231455746,49080600
2018-09-20,261.3105773925781,261.63102142465954,259.22778625517816,260.4739242916084,100360600
2018-09-21,261.07196044921875,262.17172890127085,260.91102671071974,262.05548988363677,105479700
2018-09-24,260.20458984375,260.6337736336378,259.62342222083555,260.4907123703419,53409600
2018-09-25,259.9632263183594,260.7679221635766,259.7218257506392,260.6606330223676,44370000
2018-09-26,259.185302734375,261.2953948672929,258.76506882164716,260.1062374002069,79739700
2018-09-27,259.90966796875,261.00048674315326,259.3821446587083,259.6593174608292,59249500
2018-09-28,259.93646240234375,260.43716336451905,259.2480054008917,259.2837502652214,70091400
2018-10-01,260.8394470214844,261.9123656398144,260.1688626527227,261.1791868479595,62078900
2018-10-02,260.6874084472656,261.40268745084893,260.3118965205351,260.6874084472656,47258200
2018-10-03,260.8305358886719,262.16275496749637,260.4728962961323,261.7425209425706,64694600
2018-10-04,258.7918701171875,260.40126136650105,257.2003512911268,260.3476168106001,111545900
2018-10-05,257.34344482421875,259.534003894735,255.91285948636673,259.0154306939134,105951700
2018-10-08,257.34344482421875,257.7010843371453,255.26909744864062,256.6549607935357,87742200
2018-10-09,256.9678955078125,258.2732919574935,256.4046003361561,256.95897293848816,74339000
2018-10-10,248.83151245117188,256.5298357171457,248.45600045935834,256.4582914327005,214731000
2018-10-11,243.35064697265625,249.36800752078474,241.73227800603954,247.74071598243458,274840500
2018-10-12,246.73033142089844,247.74960538349742,243.52939370031254,247.46348286250122,183186500
2018-10-15,245.34446716308594,247.7049372856472,245.25505045490135,246.3726910918379,102263700
2018-10-16,250.70913696289062,251.08467621493133,246.83764188363472,247.31152041231243,118255800
2018-10-17,250.75387573242188,251.3797381461576,248.16987736381347,250.74492587534792,110626000
2018-10-18,247.13272094726562,250.41412624515675,245.85414645846578,249.81505878812484,134557500
2018-10-19,246.99853515625,249.72556689238658,246.30112861901927,247.78535838515512,139901600
2018-10-22,245.88986206054688,247.99100439047254,245.35338915850716,247.66913702093586,82415800
2018-10-23,244.63818359375,245.76477442330915,240.16761971284095,242.2598676209241,146352700
2018-10-24,237.22593688964844,244.77224863110285,236.6715915011302,244.3877595156465,177806700
2018-10-25,241.4818572998047,243.02868152558196,238.0395464982884,239.06777026833134,138061500
2018-10-26,237.23486328125,242.30449328315353,234.51678086240335,237.76241368065152,201574600
2018-10-29,235.92047119140625,241.63386219599815,232.33509922829296,240.33738837614132,160749100
2018-10-30,239.4164276123047,239.72937235736325,235.25881110264248,235.75058921234606,157116000
2018-10-31,241.97372436523438,244.29842284245032,241.51771815666797,241.99159679621877,128296300
2018-11-01,244.54872131347656,244.74542715709984,241.75014479171543,242.84096314523563,99495000
2018-11-02,243.1002655029297,246.0865980373183,241.04379034080017,245.65741420586508,122634100
2018-11-05,244.44143676757812,244.9957821683386,242.61743957302042,243.59201895276846,65622500
2018-11-06,245.9882354736328,246.14916918074033,244.31624940433485,244.37884383025968,60085900
2018-11-07,251.25453186035156,251.3349987012471,247.74064942437928,248.16983319530007,102752100
2018-11-08,250.7986297607422,251.4423920408791,249.65416651673834,250.44991268617983,65584900
2018-11-09,248.3487091064453,249.67197820924724,246.93599600580882,249.48422221501306,98812600
2018-11-12,243.70823669433594,248.08043237974556,243.18963619384044,247.83903184160584,99673600
2018-11-13,243.25222778320312,246.1759656334579,242.52799889106527,244.1731625032146,98176600
2018-11-14,241.58924865722656,245.53226142722423,240.0245515215869,245.12992710689417,125335900
2018-11-15,244.11056518554688,244.57552111108023,238.73696804969518,240.3195372236981,135101400
2018-11-16,244.74545288085938,245.65743791379424,242.49227165596548,243.01087224645588,126668000
2018-11-19,240.60577392578125,244.43257584082093,239.6848387796854,244.1375033194177,103061700
2018-11-20,236.15301513671875,238.72806378603772,235.28572482477662,237.2617060272279,136021300
2018-11-21,236.95770263671875,238.86216676983818,236.94878006563258,237.708753918513,75563700
2018-11-23,235.37509155273438,236.77885458284433,235.2141578678689,235.3124971354605,42807900
2018-11-26,239.1751251220703,239.39865327639,237.24383859441,237.63725032890477,79981400
2018-11-27,239.97979736328125,239.97979736328125,237.5299377650121,238.13792773614986,75502400
2018-11-28,245.50537109375,245.50537109375,239.91716858674718,241.052708799303,127629600
2018-11-29,244.96893310546875,246.3726688814421,243.58304246891586,244.7275052865201,82346400
2018-11-30,246.46212768554688,247.02542297779553,244.4950963775198,244.81696380957584,98204200
2018-12-03,249.72561645507812,250.70914568640916,248.12517468688583,250.60185654956373,103176300
2018-12-04,241.63394165039062,249.323315833591,241.32099676826604,248.8941319421499,177986000
2018-12-06,241.267333984375,241.38357298491903,234.65090638603704,237.7624279703183,204185400
2018-12-07,235.6612091064453,242.5011634305532,234.82074127721955,240.92751689308457,161018900
2018-12-10,236.1083221435547,237.0829016086357,231.2353975319984,235.482432405614,151445900
2018-12-11,236.1619415283203,239.50591358268358,234.6866613446982,239.31815759578762,121504400
2018-12-12,237.35110473632812,240.51627073481885,237.27063788291088,239.14827965442737,97976700
2018-12-13,237.2706298828125,239.16614401801618,236.1529892572303,238.2988538011185,96662700
2018-12-14,232.8894500732422,236.07248792711187,232.33510476970164,235.11578114266916,116961100
2018-12-17,228.32057189941406,233.05042109093597,226.68434436321144,231.9327804495195,165492300
2018-12-18,228.07022094726562,230.63633313117353,226.46081569882102,229.96574874791114,134515100
2018-12-19,224.65472412109375,231.93280004725392,222.94697944544566,228.15070761718408,214992800
2018-12-20,220.9977569580078,224.97655434974993,218.74458992372317,223.40292146084525,252053400
2018-12-21,216.46961975097656,224.57262520442833,215.82209838644843,221.90160300643558,255345600
2018-12-24,210.74986267089844,216.59553190691585,210.6869164457219,214.9767284508546,147311600
2018-12-26,221.39796447753906,221.39796447753906,210.22824152998547,212.21577505216038,218485400
2018-12-27,223.09771728515625,223.29555807400124,214.90478673882257,218.1513819409376,186267300
2018-12-28,222.80990600585938,226.092468254084,221.64076954664853,224.45568818938247,153100200
2018-12-31,224.76148986816406,225.00431382380472,222.55812491820467,224.43772916822454,144299400
2019-01-02,224.9953155517578,225.92164195797136,221.19113755446438,221.2181164696921,126925200
2019-01-03,219.62632751464844,223.54742368469644,219.1406795465589,223.24163974366962,144140700
2019-01-04,226.98284912109375,227.63037053177197,222.28832575504876,222.66604429082034,142628800
2019-01-07,228.7725372314453,230.18448416653186,226.3533271053869,227.25266090851673,103139100
2019-01-08,230.92193603515625,231.4075839847001,228.43079122383966,230.96691919363616,102512600
2019-01-09,232.00111389160156,232.846489758699,230.40030101580808,231.63238378399643,95006600
2019-01-10,232.8195343017578,233.07134666335935,229.77978172175344,230.46328417988147,96823900
2019-01-11,232.90945434570312,232.93643325921258,231.15574263112958,231.7403040541585,73858100
2019-01-14,231.48851013183594,232.29790504700713,230.5981784696965,231.00286220453762,70908200
2019-01-15,234.14158630371094,234.4563586577417,231.8572705134646,231.8662726350203,85208300
2019-01-16,234.70814514160156,235.59847682156547,234.36639390612345,234.5732231151311,77636700
2019-01-17,236.4888153076172,237.35219554172227,233.79081382839195,233.83579698700657,96118400
2019-01-18,239.63648986816406,240.10416103504784,236.52480243343507,238.30549333593427,127900300
2019-01-22,236.3988494873047,238.37739465805262,234.78005976250157,238.16156334687548,115531200
2019-01-23,236.89352416992188,238.13460922939632,234.42035617170512,237.4331299495399,86030300
2019-01-24,237.0194091796875,237.60399809909393,235.6973874116646,236.71363898479987,59204100
2019-01-25,239.02491760253906,239.85231670994912,237.11833448668798,238.8720187924624,96883400
2019-01-28,237.20823669433594,237.2711691871254,235.43654842262288,236.8754876570139,85613700
2019-01-29,236.89352416992188,237.9187504502551,236.05715030653346,237.3521931994207,66136300
2019-01-30,240.64370727539062,241.48908317680105,237.64893803202327,238.41337719123322,92473700
2019-01-31,242.75718688964844,243.2428348680821,240.36495548279828,240.58081427626428,104012100
2019-02-01,242.87411499023438,243.89936882759727,242.0826967534265,242.95505174915888,85782500
2019-02-04,244.5828399658203,244.6457999257917,242.24456633474705,242.91906676031667,60744800
2019-02-05,245.6081085205078,245.91387877165005,244.51091999794136,245.01454481693963,79552800
2019-02-06,245.2843017578125,245.823907548752,244.54686887053546,245.32928491692698,58347800
2019-02-07,242.9460906982422,244.21412743800164,241.2823173723914,243.6655468926938,95482000
2019-02-08,243.2427978515625,243.34171138916741,240.86854360319194,241.69594272033285,75788900
2019-02-11,243.377685546875,244.16010148759838,242.84708194851643,243.8993144710152,68021400
2019-02-12,246.50738525390625,246.88509005773193,244.9245490784787,244.99651114762787,72270200
2019-02-13,247.30775451660156,248.15313035310444,246.92104762950575,247.3437355477572,65277200
2019-02-14,246.75918579101562,247.89235503921628,245.40118311709173,246.2195800801826,83234400
2019-02-15,249.44822692871094,249.4842079676425,248.333061731253,248.53989095275435,97088700
2019-02-19,249.87989807128906,250.53639417032937,248.63881305462507,248.6478151750467,59120800
2019-02-20,250.38348388671875,250.8421528291193,249.34025356302394,249.84387820956835,76610800
2019-02-21,249.49325561523438,250.10479616120645,248.53096162803064,249.74506804272264,64214700
2019-02-22,251.0400390625,251.23786614212761,249.47517965640583,250.1136989415801,78114600
2019-02-25,251.38174438476562,252.9915593825191,251.30080764572588,252.46995791576768,69030700
2019-02-26,251.20193481445312,252.08326441267496,250.82420252557895,251.03105918918752,56844100
2019-02-27,251.09397888183594,251.44470475159574,249.54712382701697,250.48241111003395,56921600
2019-02-28,250.62632751464844,251.31883208011348,250.30258053247402,250.8781398715025,69268300
2019-03-01,252.1912384033203,252.60492433569402,250.7522985938318,252.20921520194733,78880500
2019-03-04,251.2738800048828,253.49523578119258,248.97158747301825,253.25242551452823,106494600
2019-03-05,250.93218994140625,251.5977158363291,250.38360931590756,251.39986123710855,59114600
2019-03-06,249.41213989257812,251.05793551698667,249.08839301625613,251.04893339970678,75039800
2019-03-07,247.3258056640625,249.10646908445963,246.48042966722107,248.9625723780302,94885100
2019-03-08,246.8311767578125,247.00205239600854,244.99655534585435,245.46419909773712,85795800
2019-03-11,250.41049194335938,250.57236543169935,247.52363828601088,247.55061720073422,65098900
2019-03-12,251.35487365722656,251.8765027939783,250.77931411672247,250.968166589099,79667500
2019-03-13,253.01861572265625,253.95393073581147,252.083300709501,252.24520168261063,80639200
2019-03-14,252.8567352294922,253.46827572507652,252.41607037907025,253.04558767317388,67518400
2019-03-15,254.10592651367188,254.91888653964884,253.22068744703466,253.41039925398505,81309000
2019-03-18,255.02725219726562,255.32535496921275,254.09685949743323,254.32268323590102,62199800
2019-03-19,255.0904541015625,256.86090424716105,254.19620104242327,256.0931256958927,90268100
2019-03-20,254.32278442382812,256.08422131125326,253.21174883099604,254.87380889944146,84609200
2019-03-21,257.1952819824219,257.6017483296289,253.45562618980728,253.50080749486474,79550400
2019-03-22,252.2451934814453,256.3551757596033,252.18195619928713,255.83127665436504,122659300
2019-03-25,252.05548095703125,253.0942648439281,250.79087328748815,251.90190865562474,85575200
2019-03-26,253.93429565429688,254.89178618542957,252.52515760597416,253.8168628892072,68125900
2019-03-27,252.60638427734375,254.51235063208907,251.05271612502025,253.9251869613861,72224700
2019-03-28,253.5639190673828,254.01556654482565,252.0825296758849,253.23874611548362,56238500
2019-03-29,255.1627655029297,255.48793845065262,253.9523535868932,255.08147226599894,82186800
2019-04-01,258.18890380859375,258.4870067182523,256.89719804377216,257.1682031949515,77617900
2019-04-02,258.31524658203125,258.55011207993124,257.5203426504064,258.37848384167705,40070400
2019-04-03,258.7217712402344,259.9321832566487,258.11655144883906,259.53473124333345,68243200
2019-04-04,259.4083557128906,259.6612773118581,258.3515155754286,259.0470430809924,48997500
2019-04-05,260.6638488769531,260.7180443724978,259.78765161047926,260.07671263096836,58621700
2019-04-08,260.862548828125,260.97093980838844,259.57985790680345,260.23927312523705,53566300
2019-04-09,259.5257263183594,260.22125365722127,258.9747295108935,259.8960806363654,66142300
2019-04-10,260.4109191894531,260.5012542013132,259.5256801794244,259.94118815433063,52601500
2019-04-11,260.338623046875,260.90770326118735,259.76954283256265,260.89866149068285,55093100
2019-04-12,262.10009765625,262.3801169192606,260.3838425572366,261.9555671388288,69727800
2019-04-15,261.92840576171875,262.2716622114126,261.1244601225546,262.1722854445361,49596700
2019-04-16,262.10009765625,262.86790396976,261.5039196092791,262.81370847152425,52153200
2019-04-17,261.4587707519531,263.2472773597952,261.04323516923716,263.2201796101727,58268300
2019-04-18,261.9736022949219,262.24460733093923,260.74513434404435,262.04588133107666,68708500
2019-04-22,262.199462890625,262.3530351892551,261.1155252933477,261.20586031804896,40160100
2019-04-23,264.5570983886719,264.79196395818724,262.3349999505187,262.56983795365267,52246600
2019-04-24,263.969970703125,264.8100286374608,263.8254401607045,264.47581381840564,50392900
2019-04-25,263.8072814941406,264.4666967374674,262.6149530998589,263.8705187571393,57770900
2019-04-26,265.03582763671875,265.1080791179759,263.07566507367034,263.8525132206779,50916400
2019-04-29,265.45135498046875,265.9752816316039,265.03584690867245,265.12618194159734,57197700
2019-04-30,265.5867614746094,265.87582246387245,263.6898642027067,265.10801627143064,81111700
2019-05-01,263.5905456542969,266.42690555104076,263.58150388189347,266.2191377504172,71671900
2019-05-02,263.021484375,264.394510693582,261.52201106550615,263.4731319658217,65030200
2019-05-03,265.5958251953125,265.8758444373118,263.12981994511233,264.5028459743998,56543700
2019-05-06,264.50286865234375,264.94547441479875,260.9619398535701,261.27809864091415,107198100
2019-05-07,260.0857238769531,262.68721789900485,258.1707428791583,262.09103988842,144729900
2019-05-08,259.72430419921875,261.44055848517917,259.12812643467925,259.72430419921875,91568300
2019-05-09,258.9385986328125,259.5437909639627,255.9035125049102,257.6468931462025,103471100
2019-05-10,260.23944091796875,260.99820583540946,255.0003104407956,257.9992581381025,112429300
2019-05-13,253.699462890625,256.07513354849414,252.85940501608448,255.10862868732505,127290500
2019-05-14,255.99388122558594,257.5294942544548,254.59378454414676,254.7202315509938,77003200
2019-05-15,257.4932861328125,258.1346179031768,254.15108340328302,254.3588511897965,73956400
2019-05-16,259.87799072265625,261.2419474705376,258.1255961620787,258.197847635152,76749600
2019-05-17,258.1978454589844,260.6909485378402,257.54747194129925,257.5655554841976,100353000
2019-05-20,256.4906921386719,258.30629680975045,255.74094165897924,256.5900413823226,62877600
2019-05-21,258.80303955078125,259.18240798470345,257.93585656906896,258.1887780471416,46847100
2019-05-22,258.0081481933594,258.9656386618221,257.529402959128,257.84556171374305,49482500
2019-05-23,254.85572814941406,255.82223309022925,253.43754802947518,255.77707935550816,98733800
2019-05-24,255.4338836669922,256.716575322241,254.81060760747968,256.3010395716399,55268100
2019-05-28,253.05813598632812,256.67131666096105,253.04008000685207,255.71382598749378,70029400
2019-05-29,251.35989379882812,252.34448205681608,249.95075578130627,251.93801584005564,104972900
2019-05-30,252.04635620117188,252.9586928039281,250.9443354020304,252.11860765862366,62523800
2019-05-31,248.65003967285156,250.3211411709932,248.6229419216981,249.4901250913677,86862800
2019-06-03,248.0177459716797,249.80625265423026,246.68085927957648,248.6861755345417,96428000
2019-06-04,253.4013671875,253.53685593595583,249.86948012373486,250.3211276628397,77231900
2019-06-05,255.59642028808594,255.62351804336174,253.21173512466368,255.02733986091022,71169700
2019-06-06,257.2583923339844,257.93586355069925,255.2440622254317,255.89443569613297,69430400
2019-06-07,259.83282470703125,260.9167898314945,258.1075277932227,258.2791560640357,74272200
2019-06-10,261.0252685546875,262.696370530526,260.93493350289316,261.3865811954772,60799100
2019-06-11,260.96197509765625,263.2202130745594,260.31160145765284,262.84985873838156,58641300
2019-06-12,260.501220703125,261.28708282913993,259.9863360114698,260.7270444205487,47096300
2019-06-13,261.576171875,261.9375119528334,260.7090163342307,261.4135853798016,48945200
2019-06-14,261.28717041015625,261.8923627385384,260.51936400027984,261.28717041015625,52324700
2019-06-17,261.3864440917969,262.15425027973384,261.2148158533272,261.5219328152274,39205700
2019-06-18,264.12353515625,265.1804027662503,262.8498854996381,263.2112256658366,85434800
2019-06-19,264.7196350097656,265.2525757608904,263.28339924323416,264.25894573066785,78674400
2019-06-20,267.2488098144531,267.65530353677303,264.78283243591983,267.4114238432043,116570000
2019-06-21,266.8603515625,268.24002776168237,266.6425152416943,266.97835546975233,83309500
2019-06-24,266.53363037109375,267.38683196762946,266.3793111576169,267.0691631935938,47582700
2019-06-25,263.9194641113281,266.61529952284087,263.810545945279,266.58806998132854,82028700
2019-06-26,263.65618896484375,265.3263319060038,263.54727081440103,264.81802873697444,51584900
2019-06-27,264.5911865234375,265.0994898458339,264.03750985814816,264.4187234997187,40355200
2019-06-28,265.95269775390625,266.45191528725695,265.0540951136945,265.57145644264745,59350900
2019-07-01,268.36712646484375,269.5108225885334,267.1598855119605,269.2929585599338,78705600
2019-07-02,269.0660705566406,269.12052964557455,267.47761582834625,268.32175940727416,61504500
2019-07-03,271.21728515625,271.23545665269427,269.60160089846875,269.7468343677633,40898900
2019-07-05,270.9086608886719,271.072065846248,268.68484102103844,269.9828287311762,51677300
2019-07-08,269.4201354980469,270.7272092912815,268.8755168007895,269.592598547186,45841800
2019-07-09,269.755859375,270.0553842939154,268.20372030336534,268.2581793795318,41101300
2019-07-10,271.0447998046875,271.9978891745502,270.2914306765405,270.8269634689244,58448500
2019-07-11,271.6802062988281,271.9252721888121,270.67268549510976,271.68929204675567,50826100
2019-07-12,272.896484375,272.96911495192194,271.86173410767776,272.1703448084738,40326000
2019-07-15,272.9872131347656,273.33213906639185,272.4789099830357,273.33213906639185,33900000
2019-07-16,272.1068115234375,273.10527424510934,271.79820080954806,272.89649595316206,36650100
2019-07-17,270.25506591796875,272.2429052192895,270.25506591796875,272.0795279973728,36036300
2019-07-18,271.2445983886719,271.62583982575273,269.31124475203325,269.75600334491054,51392600
2019-07-19,269.73785400390625,272.3701456043922,269.56539094072815,272.3429160523356,58678600
2019-07-22,270.4003601074219,270.9449786699642,269.6197614047901,270.1371227237771,43638100
2019-07-23,272.3337707519531,272.3337707519531,270.6908568360475,271.52594241727843,44564500
2019-07-24,273.6136474609375,273.6136474609375,271.48057376026514,271.5713481582536,47213200
2019-07-25,272.3065490722656,273.2142375691732,271.49869301379965,273.15977847539506,55394100
2019-07-26,274.1309814453125,274.3306740005272,272.8692812781715,272.996370949877,45084100
2019-07-29,273.63177490234375,274.1310202112064,273.07809819849047,274.0130162709215,38126500
2019-07-30,272.9600524902344,273.36852334403153,271.8435858035198,272.2248271137605,45849000
2019-07-31,269.9737548828125,273.3957578882141,267.9496274737114,273.20512337938123,104245200
2019-08-01,267.622802734375,273.0961618235228,266.82403263505535,270.12803119125067,142646600
2019-08-02,265.6077880859375,266.96932075211555,264.04656285403524,266.72425484436656,116749700
2019-08-05,257.6201477050781,261.6048856764327,255.7139963816753,261.495967492316,178745400
2019-08-06,261.23272705078125,261.45059111694167,258.0376736517805,259.5172102699318,120711700
2019-08-07,261.38702392578125,262.1585645889576,256.00443847988896,258.1465697607115,140572300
2019-08-08,266.5155029296875,266.5155029296875,262.33107208403,262.88474879356926,87713900
2019-08-09,264.7000427246094,266.1704932558251,262.9118957661743,265.57141568746925,93730000
2019-08-12,261.4777526855469,264.690949046195,260.52466343244924,263.19326902040865,65527600
2019-08-13,265.54425048828125,266.996557578567,260.83334511879997,261.1782711690439,94299800
2019-08-14,257.6927490234375,262.0859578589022,257.5656870428939,261.47782210114013,135622100
2019-08-15,258.3734436035156,259.2720737683,256.3220870838921,258.5822218641112,99556600
2019-08-16,262.18572998046875,262.62140256802786,258.42788771010567,260.03451347806276,83018300
2019-08-19,265.3446044921875,266.0253709633341,264.536776017332,265.2175424884786,53571800
2019-08-20,263.3114013671875,265.37184466348737,263.18433935839346,264.83631167547446,51596400
2019-08-21,265.45355224609375,265.82568020984394,264.79092957072766,265.48078179711104,49524700
2019-08-22,265.3717956542969,266.796873242522,263.59273395652144,266.16150791497233,51666400
2019-08-23,258.5550842285156,265.7349038503601,257.3024696205957,264.06476027328546,149161500
2019-08-26,261.4143371582031,261.4143371582031,259.2177183869353,260.75171445643514,72423800
2019-08-27,260.3887023925781,263.1843996318232,259.6262470638202,262.81224387008433,66668900
2019-08-28,262.2220764160156,262.3854536557602,258.91807783212704,259.7259336849434,59696700
2019-08-29,265.57147216796875,266.09794697657406,263.78332482923884,264.79087340407847,57899400
2019-08-30,265.45355224609375,267.0782949575575,264.51863406055463,267.06015115703224,62901200
2019-09-03,263.90130615234375,264.66376105424365,262.56700314890634,263.74701464267685,69101400
2019-09-04,266.8967590332031,266.91490283272105,265.3264478104966,266.0798448475791,46887300
2019-09-05,270.3277587890625,271.244505212518,266.86038254462613,269.39284086979836,83258100
2019-09-06,270.5365295410156,271.1810082803126,269.964709089915,270.6454754226306,49584300
2019-09-09,270.67266845703125,271.6166443667384,269.72866484687484,271.52589769497945,51260300
2019-09-10,270.6091613769531,270.6727062164084,268.6485510056343,269.91022354385126,57947100
2019-09-11,272.5334777832031,272.6151664258445,270.2642564860907,270.91779332767726,68821100
2019-09-12,273.4774169921875,274.5393967960973,272.6786468522338,273.4411017038854,72908700
2019-09-13,273.2959289550781,274.2762480538401,272.9237733435532,273.9222362402719,62104800
2019-09-16,272.4517517089844,273.3412963074037,271.8073007052717,272.1612847747514,58191200
2019-09-17,273.1417236328125,273.2324703516934,272.0797155573621,272.25217864397763,41475500
2019-09-18,273.3050537109375,273.4139719151328,270.7090498089619,272.75134923899975,73375800
2019-09-19,273.28680419921875,274.6937378030169,272.9509639319972,273.69527504881034,76560500
2019-09-20,271.9956359863281,274.1750431104357,271.2023046326576,273.89233463485203,89565000
2019-09-23,271.9317932128906,272.65218638022174,271.07462357793355,271.3299489269606,43476800
2019-09-24,269.7979736328125,273.4181389160183,268.8313829068721,273.0260371330822,94869400
2019-09-25,271.3937683105469,271.8405806831163,268.3936747972442,269.880043908086,71854000
2019-09-26,270.8284606933594,271.6126644273072,269.4150572992071,271.40294975949206,56179700
2019-09-27,269.369384765625,271.69469579353853,267.8100775356787,271.5852468021339,84746600
2019-09-30,270.6186218261719,271.3298871241926,269.8435460767109,269.88912894607813,51662400
2019-10-01,267.3996887207031,272.159703548224,267.18084642052236,271.50314881931183,88242400
2019-10-02,262.6762390136719,265.8222372042394,261.38138456159663,265.8131094960881,122539500
2019-10-03,264.8282775878906,264.85563288257976,259.72174256169916,262.44825563642974,85278800
2019-10-04,268.411865234375,268.6671905038027,265.43000002786647,265.4847384262277,65091200
2019-10-07,267.2538757324219,269.2417960077908,266.97119505548204,267.609522419889,59610500
2019-10-08,263.10479736328125,266.13224635638005,263.0683143627302,265.3936256083809,95708100
2019-10-09,265.6033630371094,266.5425986261646,264.4999956740549,265.1291953027634,62359400
2019-10-10,267.3996887207031,268.28421345509355,265.35708637669626,265.52121810183183,55296300
2019-10-11,270.1717834472656,272.4150002739897,270.0441347283362,270.1626557429254,98720400
2019-10-14,269.87103271484375,270.52758775783246,269.5245136882131,269.8527772955159,40394800
2019-10-15,272.5428161621094,273.29056476276855,270.80112127303397,270.9196701765996,46754500
2019-10-16,272.1050720214844,272.7981099445487,271.6673872939725,272.0777167260149,48928200
2019-10-17,272.907470703125,273.78286779270866,272.2144329335033,273.27221717142055,45736600
2019-10-18,271.7129211425781,273.0169030385987,270.85575160138507,272.36947594373936,64304000
2019-10-21,273.554931640625,273.75554639728165,272.5974685642582,273.0351810774295,39048600
2019-10-22,272.6612854003906,274.3847243679034,272.5700918221093,274.09291604875244,48594700
2019-10-23,273.4546203613281,273.50933094336335,272.1962213177716,272.40596376782213,34352200
2019-10-24,273.90142822265625,274.53975544040765,273.0716139709286,274.3938512812538,35453100
2019-10-25,275.0231018066406,275.5702355478619,273.2722794004081,273.3269899916924,45205400
2019-10-28,276.5732421875,277.0747929739586,276.21762339483763,276.2449786865809,42147000
2019-10-29,276.4911804199219,277.4213160097594,276.17201679259284,276.29969337487427,44284900
2019-10-30,277.33917236328125,277.71301864170306,275.37860827162035,276.6917175833377,49643900
2019-10-31,276.6006164550781,277.33013733223646,275.1416303575135,277.33013733223646,69053800
2019-11-01,279.1630859375,279.208668827278,277.886431083131,278.05059070877235,71141500
2019-11-04,280.2846374511719,280.85912648060446,279.91076319664626,280.7223500041628,60606900
2019-11-05,279.9745788574219,280.7861655993166,279.6827705123558,280.48522954709983,42933200
2019-11-06,280.03839111328125,280.3119440186116,279.0900279941812,279.9745528259132,46487100
2019-11-07,281.023193359375,282.36365817572266,280.54902574107797,281.3788399443762,54272300
2019-11-08,281.71630859375,281.77101918673924,279.9746138412485,280.67675167019644,49032100
2019-11-11,281.17828369140625,281.35154316704853,280.19343742687363,280.3302417285533,35797300
2019-11-12,281.7710266113281,282.67377924781687,280.9959227523848,281.543056525073,46484600
2019-11-13,281.8621520996094,282.2633815807318,280.549042493822,280.77701252498827,53917700
2019-11-14,282.2724609375,282.35455463171985,280.9411238442217,281.57945101643,51219900
2019-11-15,284.31512451171875,284.360707388631,282.9199489720385,283.61295897432547,62023600
2019-11-18,284.5248718261719,284.76196960145177,283.6221192639558,284.0780593989542,49228000
2019-11-19,284.4427185058594,285.1357562031034,283.7952915051212,285.12662849812847,67804700
2019-11-20,283.3849792480469,284.3698253767361,281.82567201072436,283.85004702150417,79406200
2019-11-21,282.9290771484375,283.60388746150187,282.12664589860407,283.494466283269,54664700
2019-11-22,283.5582275390625,283.81355285341886,282.5460539876979,283.67677640436585,44850200
2019-11-25,285.755859375,285.755859375,284.4883605205459,284.4883605205459,48647200
2019-11-26,286.4032897949219,286.5856769464181,285.47318211038436,285.79234571131667,37569000
2019-11-27,287.6799621582031,287.6799621582031,286.66776071244107,286.8866030452009,44444600
2019-11-29,286.613037109375,287.3607854835019,286.3850670803148,287.1145600419583,36592700
2019-12-02,284.1783142089844,286.9321819618244,283.7497294692286,286.86834367905055,75767800
2019-12-03,282.2724609375,282.35455463171985,280.06572678012907,281.45177445063996,73941700
2019-12-04,284.0141906738281,284.6160349269536,282.97466174815634,283.32118066617176,49080000
2019-12-05,284.5248718261719,284.734614306487,283.2117620111064,284.71638671930293,40709000
2019-12-06,287.1236877441406,287.5249172215507,286.4306499507282,286.43977765696974,48927000
2019-12-09,286.22100830078125,287.40644162273225,286.148042288993,286.7316590697798,34838500
2019-12-10,285.9018249511719,286.8319328246587,285.2452700321289,286.1662780260528,52649800
2019-12-11,286.71331787109375,286.9686431544206,285.8196654652655,286.35767131840527,53429100
2019-12-12,289.18450927734375,289.96871272087856,286.4853522653221,286.72242214237934,96389600
2019-12-13,289.3578186035156,290.58886238329086,288.17235770032045,288.9474614007992,81503900
2019-12-16,291.34564208984375,291.93835848773335,289.2939122159716,291.09031681867435,82749700
2019-12-17,291.4095764160156,292.0296483034702,291.32751053341514,291.7287400672685,61097700
2019-12-18,291.4278259277344,292.02967027379304,291.373115335218,291.8017001955153,48133000
2019-12-19,292.6223449707031,292.69531096918604,291.363945866433,291.6192712043737,85310500
2019-12-20,293.90521240234375,295.0414939498362,292.6772889314625,293.65777641267516,147142100
2019-12-23,294.3543395996094,294.7483692666017,294.20771805638435,294.69338968354225,52990000
2019-12-24,294.363525390625,294.62925073226614,294.06110970503175,294.5834437327283,20270000
2019-12-26,295.930419921875,295.9395925053962,294.73915860225463,294.74830322058216,30911200
2019-12-27,295.8570861816406,296.7184700506117,295.3256076922634,296.66349048154484,42528800
2019-12-30,294.2259216308594,296.07699342963247,293.7402501912701,295.93954452506745,49729100
2019-12-31,294.9407653808594,295.1882014426229,293.3737915055434,293.7220141367685,57077300
2020-01-02,297.698974609375,297.71731977517936,295.5546875996484,296.4802235866316,59151200
2020-01-03,295.4447326660156,296.57186973652915,294.2442988268179,294.2992783946291,77709700
2020-01-06,296.5718994140625,296.65436877403187,293.5662002585836,293.68533198915986,55653900
2020-01-07,295.738037109375,296.48028939421766,295.2889999253754,296.00376242060156,40496400
2020-01-08,297.3140869140625,298.5328378108533,295.6829613419756,295.9303693680399,68296000
2020-01-09,299.3301086425781,299.4034333774434,298.29461349284884,298.88109951100057,48473300
2020-01-10,298.4687194824219,300.07235545551816,298.0013931580216,299.9165893357821,53029300
2020-01-13,300.5213623046875,300.5305069215687,298.66114588168574,299.0918377611585,47086800
2020-01-14,300.0632019042969,301.1353314053116,299.50420569698866,300.0815191045464,62832800
2020-01-15,300.7413635253906,301.50193298696496,299.8891521133961,299.97162147921523,72056600
2020-01-16,303.2430419921875,303.2430419921875,301.89598643854816,302.1250773288596,54050300
2020-01-17,304.1868591308594,304.3976048271327,303.17885374044386,303.9577682678192,95846000
2020-01-21,303.5912170410156,304.3976213972453,303.1513804577593,303.2246772332371,77742400
2020-01-22,303.6278991699219,305.10325904612256,303.472133024947,304.452620782391,48914900
2020-01-23,303.9760437011719,304.38841838405864,301.85924665475704,302.97721103138565,51963000
2020-01-24,301.2728576660156,304.7183938304946,299.98078160433596,304.63592446041275,87578400
2020-01-27,296.44354248046875,297.92804662680606,295.6738006255231,296.01285058916926,84062500
2020-01-28,299.5500183105469,300.42971926518106,296.5351751654202,297.8730577788498,63834000
2020-01-29,299.30267333984375,301.14457311721316,299.10107223005605,300.91548221814526,53888900
2020-01-30,300.2739562988281,300.484729951174,296.48022631294674,297.231623057657,75491800
2020-01-31,294.82159423828125,299.80661315994996,293.9052308771685,299.650819083877,113845600
2020-02-03,297.01171875,298.88110802964894,296.18699723301154,296.3061289566686,69083000
2020-02-04,301.53857421875,302.40913073891045,300.3106504717624,300.63138329314756,62573200
2020-02-05,305.020751953125,305.23152563303483,303.01394154526906,304.48010082486485,65951100
2020-02-06,306.0470886230469,306.23951712579645,304.9657584507148,305.98293646706554,50359700
2020-02-07,304.4159240722656,306.056194377022,303.86610045474913,304.98406488979606,64139400
2020-02-10,306.68853759765625,306.7526897560034,303.49043784674745,303.5271002179738,42070000
2020-02-11,307.22003173828125,308.8328124597925,306.688525255074,308.0447532839123,54864500
2020-02-12,309.1993713378906,309.41011703621217,308.29215249510275,308.6586922864908,43992700
2020-02-13,308.86944580078125,309.84078876893074,307.49490069884985,307.7697985331595,54501900
2020-02-14,309.36431884765625,309.48345057541405,308.0814155587151,309.281849489638,64582200
2020-02-18,308.5670471191406,309.4284309226807,307.1741569014039,308.36544605947824,57226200
2020-02-19,310.0423583984375,310.72045829777164,309.25429937652905,309.53836976490896,48814700
2020-02-20,308.7687072753906,310.3173639016579,305.7721805893819,309.4926143400653,74163400
2020-02-21,305.58892822265625,307.72404299995856,304.76417865144776,307.41248274725154,113788200
2020-02-24,295.4538879394531,305.66216126608373,294.37255791706946,296.11367067972515,161088400
2020-02-25,286.50103759765625,297.4607370329087,285.6213364835221,296.84678915931295,218913200
2020-02-26,285.4471740722656,291.5043221918887,284.714094602618,287.90302105729336,194773800
2020-02-27,272.6272888183594,285.50218362591784,272.6272888183594,279.9123611957851,284353500
2020-02-28,271.4818420410156,272.97551892461485,261.6584248326628,264.55413666270186,384975800
2020-03-02,283.23876953125,283.3029216830661,269.8323680613231,273.26873092756443,238703600
2020-03-03,275.12884521484375,287.59138883288136,272.68217142484923,283.61437637778374,300139100
2020-03-04,286.6933898925781,286.9133360865431,277.9604493324788,280.5171106027722,176613400
2020-03-05,277.16326904296875,282.67062208363757,274.9181954685185,279.4725227329303,186366800
2020-03-06,272.5814208984375,273.7910271727866,265.9561321004398,268.6318972907637,228667200
2020-03-09,251.29440307617188,260.42137681017505,250.5796405783017,252.2748908862515,309417300
2020-03-10,264.2975158691406,264.3891298271903,250.62536309853394,260.833663706167,276444100
2020-03-11,251.41351318359375,258.3595651893457,248.22458563522105,257.22328323212776,255316300
2020-03-12,227.35891723632812,244.35746061709935,226.9648737146384,234.5890236964178,392220700
2020-03-13,246.7950439453125,248.7743926168376,227.73467884944543,241.08608882375825,329566100
2020-03-16,219.789794921875,235.4137816847511,217.50804473313133,221.00854609355915,297240000
2020-03-17,231.6566619873047,234.7448160424353,217.24227013870095,224.54567331011896,262070500
2020-03-18,219.92718505859375,227.59714116308217,208.9491569862119,216.49082279205322,327597100
2020-03-19,220.3945770263672,226.69000368455985,212.7979298783139,219.23996406752087,289322000
2020-03-20,210.89683532714844,225.340685761299,210.62030694707715,223.5524848436313,347158800
2020-03-23,205.5045928955078,211.7079795342504,201.18157403211723,210.33457814055313,326025200
2020-03-24,224.12393188476562,224.99960729715744,215.50556148045126,216.07704306343078,235494500
2020-03-25,227.47918701171875,236.29114860936124,220.990058631863,225.70942472630355,299430300
2020-03-26,240.76161193847656,242.23639250176075,229.56231770960696,229.99554223572162,257632800
2020-03-27,233.59033203125,240.40207705378725,231.4057848355421,233.4520748915783,224341200
2020-03-30,241.1763916015625,241.89535699591625,233.69177028351132,235.6919703231692,171369500
2020-03-31,237.58154296875,242.72490599332332,236.17126374188032,240.17166345646726,194881100
2020-04-01,226.88917541503906,237.49854648754024,224.81523408925327,228.57598271445593,189554600
2020-04-02,232.12474060058594,232.9082211347178,225.45125299057915,226.00430965628482,177660400
2020-04-03,228.7696075439453,233.4981993171639,226.03200326101012,231.1385026260033,135561200
2020-04-06,244.13519287109375,246.10775542428493,228.7511655917904,237.66450470907907,188061200
2020-04-07,244.3840789794922,253.50941691083761,244.16286753110208,252.75357362265825,201427200
2020-04-08,252.58770751953125,254.40356014283782,244.49472582568018,246.99266594933434,153774500
2020-04-09,256.4313049316406,259.19655971610996,253.91491295110805,255.85979531396418,189999200
2020-04-13,254.09022521972656,255.79547248539933,250.17277820950486,255.45442865819396,114839100
2020-04-14,261.58404541015625,262.6071767744226,253.95193888256938,258.9939241696713,134143400
2020-04-15,256.0257873535156,261.7222066904495,253.90574134911725,255.8506522622504,121775000
2020-04-16,257.260986328125,258.1182089286888,254.18233805357292,257.3070626758222,131798300
2020-04-17,264.2110290527344,264.819360669929,260.3027811151515,263.0496124333535,146684800
2020-04-20,259.55615234375,264.34927418099744,259.3349408566782,260.49632929344494,100109300
2020-04-21,251.6751708984375,256.2839308424409,250.73496586689225,255.07643798748308,126385700
2020-04-22,257.260986328125,259.0123094851933,255.2423472173533,256.56967233483715,92951600
2020-04-23,257.2425231933594,261.7222523215309,256.9383574252864,258.5421968253092,104709700
2020-04-24,260.8282470703125,261.5011363698306,256.7080132018156,258.7635309386864,85063200
2020-04-27,264.58892822265625,265.71346690631225,262.34907737780065,262.80995342635407,77896600
2020-04-28,263.3722229003906,268.5985412619103,263.0680289718382,268.24827098279667,105270000
2020-04-29,270.266845703125,271.8061836334451,267.6859518357042,268.7183093826725,118745600
2020-04-30,267.7504577636719,270.36822935124303,266.00833345852305,268.8841944102313,122901700
2020-05-01,260.66217041015625,267.9163517686803,259.49152775137816,262.98497456117036,125180000
2020-05-04,261.3811950683594,261.6853608206869,257.28861435013727,258.7726214184617,80873200
2020-05-05,263.79620361328125,266.61676244530474,261.510248557089,264.21100325960634,79569900
2020-05-06,262.0079650878906,265.88853252564763,261.57474059035235,265.5014124986934,73632600
2020-05-07,265.1695251464844,267.1052093631534,264.66257295790365,265.23405451728695,75250400
2020-05-08,269.55712890625,270.02723137851206,267.1789932426563,268.3127582106148,76452400
2020-05-11,269.6123962402344,270.9950239132612,267.19741107208864,267.6214090155199,79514200
2020-05-12,264.2386474609375,271.2162884383801,264.1003621628556,270.801516933047,95870800
2020-05-13,259.5653381347656,264.7179278299637,257.1318996402703,263.676343692379,144721100
2020-05-14,262.671630859375,262.8006614934409,251.62903335784046,257.1226947425799,121977900
2020-05-15,263.8791198730469,263.92519621393427,259.3256634598591,260.2750667451396,111146300
2020-05-18,271.91680908203125,273.52987489861954,269.7967909749408,270.11938163455005,119703800
2020-05-19,269.1238708496094,273.032089431891,269.1054459405045,271.31764460727464,95189300
2020-05-20,273.6957702636719,274.56221925365764,272.4422012490064,272.67263921166995,85861700
2020-05-21,271.80621337890625,274.3779091376315,270.70932633280484,273.56676293920657,78293900
2020-05-22,272.3223876953125,272.49752280932586,270.2760973212516,271.5204680309544,63958200
2020-05-26,275.6775207519531,278.54418352711934,272.34078367877794,278.304519053477,88951400
2020-05-27,279.7794189453125,279.816296906292,273.64054647059055,278.4797450847971,104817400
2020-05-28,279.2632141113281,282.83038997252385,278.5903250016566,280.81175077314896,90405200
2020-05-29,280.5075988769531,281.0975055789317,276.03709567672706,278.79312538599464,119090800
2020-06-01,281.64129638671875,282.2496560477979,279.3461430382761,279.86232187865164,55758300
2020-06-02,283.97332763671875,284.0194321118805,281.22652483586603,282.5630482820904,74267200
2020-06-03,287.7525634765625,288.7111935356951,285.68784777656157,285.9643621543682,92567600
2020-06-04,286.99664306640625,288.50832960554146,284.89504996954486,286.76620510346254,75794400
2020-06-05,294.3522033691406,296.13117751305407,292.3427912854571,292.4073206597043,150524700
2020-06-08,297.9101867675781,298.10374676522395,294.6195261594394,295.16335633448466,73641200
2020-06-09,295.6888122558594,297.9839655814591,294.37068560515496,295.23713467779834,77479200
2020-06-10,294.03887939453125,297.1636320853074,293.3199139807583,296.26953154628904,95000800
2020-06-11,277.08782958984375,287.72485456232124,276.5348009447045,287.088843490775,209243600
2020-06-12,280.4061279296875,284.8950550267736,275.23511345166304,284.1207868330946,194678900
2020-06-15,283.0239562988281,284.15772144939484,273.5206948936138,274.7005363949218,135782700
2020-06-16,288.4714660644531,290.9417825291252,283.59541877833976,290.7942988499183,137627500
2020-06-17,287.273193359375,289.78958611023603,286.5357749799992,289.49461875848573,83398900
2020-06-18,287.3838195800781,287.86312046362997,285.2914527967437,285.7523287681102,80828700
2020-06-19,285.74139404296875,291.0555229099972,283.7879244755577,290.8611111413888,135549600
2020-06-22,287.57452392578125,287.97261465069647,283.9916508946989,285.1396439631699,74649400
2020-06-23,288.8984069824219,291.16664813411967,288.49104915719107,290.23157290982795,68471200
2020-06-24,281.529052734375,287.47275466675853,279.68670319186737,286.8524506518255,132813500
2020-06-25,284.5471496582031,284.8156419412527,278.92748722706216,280.9550094007132,89468000
2020-06-26,277.7887268066406,283.658375397714,277.2054913993457,283.4454293499117,127961000
2020-06-29,281.8715515136719,282.0104170904512,276.75183339130206,279.04784785660627,79773300
2020-06-30,285.48223876953125,287.1857509340437,281.27908935722047,281.43646094902624,113394800
2020-07-01,287.48199462890625,288.7503757834535,286.13958949233705,286.6024936608288,72396500
2020-07-02,289.0650634765625,292.27761860525646,288.3984805369268,290.92591848242125,69344200
2020-07-06,293.52752685546875,294.11079063808586,292.1480814513564,292.8979839565987,61713800
2020-07-07,290.5000305175781,293.96254336558655,290.1204458505552,291.9813289550433,82910000
2020-07-08,292.7220153808594,292.83310783880313,289.50022108680014,291.26848979810916,54638600
2020-07-09,291.0556335449219,293.5738333866383,287.6301313491227,293.33311417458134,83354200
2020-07-10,294.0274353027344,294.29592760306656,289.55579393882005,290.9907854082374,57550400
2020-07-13,291.4814147949219,298.7675199209206,290.8240989639422,296.37894748735727,102997500
2020-07-14,295.2586364746094,296.03631163743023,288.85203405697274,290.055572897512,93657000
2020-07-15,297.9713439941406,299.073057898437,295.5827432633352,298.48979427223054,87196500
2020-07-16,296.9900207519531,297.4436577294119,295.41613550865986,296.0642125508216,54622500
2020-07-17,297.8509826660156,298.6379252006533,296.01787245922196,297.9991153522291,62774900
2020-07-20,300.2580871582031,301.00798945239933,296.8325859166636,297.5824882108599,56308800
2020-07-21,300.89691162109375,302.6744474220615,299.90629013376923,302.23007759853067,57292200
2020-07-22,302.60968017578125,302.9244798533065,300.42478620141566,300.5358786742239,57792900
2020-07-23,298.9989929199219,302.9522118119583,297.62881493687297,302.2485885751996,75738000
2020-07-24,297.0733337402344,298.10096725984846,295.56426188414656,297.13814709374793,73766600
2020-07-27,299.23968505859375,299.41559085189874,296.9714439891893,297.76765361995194,48293000
2020-07-28,297.3418273925781,299.62857474108495,297.0455619923725,298.50832649407437,57495000
2020-07-29,300.9988098144531,301.5635676064587,298.1843444859905,298.2213847313915,48454200
2020-07-30,299.92486572265625,300.34149078231616,295.9253951156929,298.01770277832117,61861700
2020-07-31,302.2948913574219,302.39674495391967,297.4899444109611,301.7208947786566,84986800
2020-08-03,304.3966064453125,305.1650151238819,303.415251625243,303.9614752889847,53077900
2020-08-04,305.5722351074219,305.5722351074219,303.5354458801942,303.5354458801942,41917900
2020-08-05,307.47015380859375,307.72940723299746,306.6091589464229,306.8776512406806,42697700
2020-08-06,309.5253601074219,309.6457196617078,306.5627916135813,306.88683004740886,43679400
2020-08-07,309.7476501464844,310.03464842255073,307.64604749173736,308.5533496810777,57308300
2020-08-10,310.6734619140625,310.85860660049394,308.25708784004365,310.20129069482834,44282100
2020-08-11,308.1089172363281,312.49726674092767,307.3775491967452,311.85845690646227,69601100
2020-08-12,312.40472412109375,313.18239962578446,310.5253345880685,310.55310770418515,53774400
2020-08-13,311.8398742675781,313.15453396658313,310.9140663327176,311.63619539177216,41816100
2020-08-14,311.84918212890625,312.38616662319157,310.71969517068027,311.4510914457283,47260400
2020-08-17,312.83984375,313.23793448435885,311.8584893449453,312.86761686510823,35481000
2020-08-18,313.51568603515625,313.94154987395524,311.6362683640285,313.23792663760884,38733900
2020-08-19,312.21026611328125,314.4136655905085,311.64550849790567,313.89521533075856,68054200
2020-08-20,313.1823425292969,313.66375253869415,310.3493721881814,310.4789706219572,42207800
2020-08-21,314.2933349609375,314.51551985748154,312.5065039064949,312.84907662656065,55106600
2020-08-24,317.47808837890625,317.55214058660636,314.26553352330154,316.7374250348169,48588700
2020-08-25,318.5890808105469,318.6724001496487,316.87633016433045,318.0428574185985,38463400
2020-08-26,321.7831726074219,322.0516366510932,318.635430282705,319.181653746849,50790200
2020-08-27,322.48675537109375,323.9402810146321,320.8203119253996,322.65342231840225,58034100
2020-08-28,324.56976318359375,324.6993898680201,322.32005647606724,323.5143567326901,48588900
2020-08-31,323.3940734863281,325.2364228395973,323.1626214267345,324.3569219651967,66099200
2020-09-01,326.4399719238281,326.5417972626103,323.3292417281404,324.2272767983935,54908700
2020-09-02,331.1615905761719,332.1336778441025,327.20837164549533,328.3563929777579,69540000
2020-09-03,319.764892578125,329.93951517196746,317.1726127891446,329.4673439712891,148011100
2020-09-04,317.15411376953125,322.02384556505757,310.02537950989625,320.44998861723474,139156300
2020-09-08,308.4884948730469,317.21888632629816,308.1829906456316,311.72882307371316,114465300
2020-09-09,314.580322265625,317.05221391399175,311.63623122167985,312.5064930407791,91462300
2020-09-10,309.11810302734375,317.1170709136093,308.15525462087976,316.4597550247516,90569500
2020-09-11,309.27545166015625,311.9695566218667,306.4424811341146,310.9048829574324,84680200
2020-09-14,313.3489990234375,315.12656299224113,309.423581752998,312.450964043728,65605700
2020-09-15,314.9321594238281,316.64488183662957,313.3582743243969,315.8116601824572,52920900
2020-09-16,313.6822814941406,317.6076984750774,313.4045221348702,316.1727073391459,82096000
2020-09-17,310.9234313964844,312.64544938955055,308.28487230028173,308.81258977020724,91523300
2020-09-18,307.3437805175781,311.8426246114457,304.85268995069947,311.7310874765876,105877900
2020-09-21,303.9232177734375,304.0719434291927,299.052573105159,302.74274511193624,99450800
2020-09-22,307.01849365234375,307.5762077815948,302.89144880901273,305.41045242560136,63612100
2020-09-23,299.89849853515625,307.8551384394909,299.39655288531276,307.5762671377892,93112200
2020-09-24,300.69781494140625,303.7652001614341,297.25860138372207,298.5785239027551,76681300
2020-09-25,305.5591735839844,306.34923785839106,298.9689221639233,299.84263930150775,71069400
2020-09-28,310.63433837890625,311.3500540678067,308.73812155611176,309.7327085120084,64584600
2020-09-29,308.942626953125,311.17345533698654,308.24549131026066,310.4298553312067,51304000
2020-09-30,311.2850036621094,314.4453460617756,309.416671165214,309.61186119180115,104081100
2020-10-01,313.2833557128906,314.8635122368048,311.39644373345885,313.8875340416376,88698700
2020-10-02,310.30902099609375,313.2555935281312,307.845814008662,308.3198753338645,89431100
2020-10-05,315.8116455078125,315.99753126423565,312.3259684516126,312.3724327990903,45713100
2020-10-06,311.3221740722656,318.0518759506169,310.810952625502,315.95116484965547,90128900
2020-10-07,316.7412414550781,317.5499142029964,314.25942626677596,314.2873105557897,56999600
2020-10-08,319.5484313964844,319.61350420676945,317.76375142303834,318.6839898879285,45242500
2020-10-09,322.4020080566406,322.86676515968713,320.58016815532477,321.20292678815446,59528600
2020-10-12,327.58868408203125,329.0666082622925,324.4562257534408,324.94886714686123,80388500
2020-10-13,325.4507751464844,327.6258347283141,324.4840725434982,327.4492247806574,73255500
2020-10-14,323.4058532714844,327.1239098929824,322.67155751263357,326.02708999760546,57727900
2020-10-15,323.0061340332031,323.4894711297381,318.94416215249316,319.483267822993,60357700
2020-10-16,322.8109436035156,326.0270542862086,322.6343336640178,324.3632161877111,89501900
2020-10-19,317.90313720703125,324.7071590913862,317.00150736477167,324.07509628990033,68425600
2020-10-20,319.176513671875,322.429812588429,318.4886824068028,319.2508623087009,60051900
2020-10-21,318.5724182128906,321.3051922836969,318.2656626356345,319.1301040505876,63575000
2020-10-22,320.31982421875,320.9054226108383,316.6389565111462,318.7861317044582,55399300
2020-10-23,321.40740966796875,321.60259970171086,318.9442027823426,321.5468311206417,49143900
2020-10-26,315.4678039550781,318.80475616946273,311.96351764417074,318.0146635113088,91473000
2020-10-27,314.38031005859375,316.1463814562945,314.16651156962877,315.8117699429827,65994100
2020-10-28,303.6351013183594,314.408167114241,303.142459944312,308.6916606581954,127094300
2020-10-29,306.7210388183594,309.8999608015689,302.175701758934,303.86742404075585,90597700
2020-10-30,303.52349853515625,306.4514618560545,299.8612112381674,305.1408437594302,120287300
2020-11-02,306.92559814453125,308.93332384063365,304.1742157069411,306.92559814453125,86068300
2020-11-03,312.3446350097656,314.40815753311387,307.00923292891446,310.1695753283749,93294200
2020-11-04,319.32525634765625,323.4151123876385,315.6536645993499,316.8341372001022,126959700
2020-11-05,325.5530090332031,327.365572873288,324.27027503763776,324.62349493398403,82039700
2020-11-06,325.4786682128906,326.7335179503139,323.1455786904639,325.2648697529824,74973000
2020-11-09,329.56854248046875,338.6963784554097,329.10378539457383,338.3152742409933,172304200
2020-11-10,329.0851745605469,330.1448058667429,325.80399097551134,328.57392479394076,85552000
2020-11-11,331.52984619140625,332.3570990887861,330.03331356077604,331.27885919980673,58649000
2020-11-12,328.31365966796875,331.5762631602293,326.5011242351162,330.5166034949924,67546200
2020-11-13,332.8590393066406,333.60263931693396,329.70797256583705,330.2284982463468,62892200
2020-11-16,337.0139465332031,337.2091365588106,334.24398420061374,335.5360224634201,74541100
2020-11-17,335.2013244628906,336.4097096479099,333.0820337387428,334.59714605363865,66111000
2020-11-18,331.167236328125,336.0193003895728,331.1300478266748,335.4708905508718,70591300
2020-11-19,332.56158447265625,332.9333844739087,329.1874434374099,330.53525035428703,59940900
2020-11-20,330.2843017578125,332.50585453742735,330.20995309552933,332.3013602579922,70417300
2020-11-23,332.2641296386719,333.5282836694918,329.85669132516,332.0968238948421,63230600
2020-11-24,337.6181335449219,338.16654349406434,333.96514971257983,334.82028685253994,62415900
2020-11-25,337.0976867675781,337.562443955252,336.00086661263447,337.53455965865265,45330900
2020-11-27,338.0364074707031,338.5104403756147,337.02321213244505,338.1944089835005,28514100
2020-11-30,336.5398254394531,337.52510797754314,333.85354481889163,337.2555409838347,83872700
2020-12-01,340.22076416015625,341.7637610766728,339.2075971251857,339.8024998061892,74231400
2020-12-02,340.9364929199219,341.0944944354891,338.5290547467315,339.10534896401384,45927000
2020-12-03,340.84356689453125,342.2378382052782,339.7374427186835,340.8342626751724,62882000
2020-12-04,343.7808532714844,343.7808532714844,341.3362262394426,341.4291833383519,50749900
2020-12-07,343.0743103027344,343.56695157579156,341.8008806931252,343.00923751639283,48944300
2020-12-08,344.0782775878906,344.6452676235663,341.7544921304885,341.80095649302785,42458900
2020-12-09,340.9923400878906,344.8962832820712,340.15578285817526,344.7382817300887,74098300
2020-12-10,340.8807373046875,341.93106447513236,338.7428377218177,339.6165832994784,57735400
2020-12-11,340.48101806640625,340.890006557245,337.65531550527345,339.17970394397395,57698600
2020-12-14,338.95660400390625,343.73429157077305,338.77999406137144,342.656080212638,69216200
2020-12-15,343.5390625,343.5390625,340.12776213787265,341.5034246498197,63865300
2020-12-16,344.0782775878906,344.9984875517349,342.8698921301285,343.75294195055,58420500
2020-12-17,346.0023193359375,346.20681357249737,344.89619528816195,345.7234764526828,64119500
2020-12-18,344.620849609375,346.45979946548607,342.6045369381485,346.29178053141106,136542300
2020-12-21,343.3885498046875,353.28340346844874,337.9463959577073,340.6908183330083,96386700
2020-12-22,342.809814453125,343.827300163514,341.68031614892215,343.71528756970014,47949000
2020-12-23,343.1179504394531,345.0315657941709,342.79122797982205,343.78071075188814,46201400
2020-12-24,344.4527587890625,344.4807619388975,343.00588190186073,343.5939480483956,26457900
2020-12-28,347.4119567871094,347.80400095877894,346.38512695366734,347.01054024714455,39000400
2020-12-29,346.74908447265625,349.1201221557573,346.1609898693241,348.9427593868973,53680500
2020-12-30,347.243896484375,348.2800701602232,346.85185232725235,347.57061894027095,49455300
2020-12-31,349.0082092285156,349.73631978165463,346.53450212409746,347.0479028200821,78520700
2021-01-04,344.2567443847656,350.47370017311397,340.5508422079817,350.34299981269083,110210800
2021-01-05,346.6277160644531,347.7198957883801,343.5659151685521,343.6126060725276,66426200
2021-01-06,348.7001037597656,351.9019495167134,344.56481007436986,345.1155577412507,107997700
2021-01-07,353.88092041015625,354.6276901593906,350.9031283186224,351.08049111936754,68766800
2021-01-08,355.89715576171875,356.1118370621761,352.01389123519994,355.2717141545609,71677200
2021-01-11,353.4981689453125,355.2624244716988,352.5926957266306,352.7140522127588,51034700
2021-01-12,353.5728759765625,354.5903619209888,351.3231942418903,353.6849170835824,52547700
2021-01-13,354.52496337890625,355.5237613452979,352.7140171217111,353.49813377625406,45303600
2021-01-14,353.2834167480469,355.77581089223776,352.9473789690196,355.27172573626217,49989100
2021-01-15,350.70709228515625,352.46200397474826,348.8401394989429,351.6592279506471,107160000
2021-01-19,353.4607849121094,354.0022171031651,351.6871856917085,353.1714095466067,51233300
2021-01-20,358.3522644042969,359.19238745633976,355.36512856654605,355.7571726966947,61836100
2021-01-21,358.6789245605469,359.3417132448048,357.7547921391025,358.91229363565395,47840100
2021-01-22,357.4093933105469,358.5762386300744,356.4385700282183,356.82129871151545,52860500
2021-01-25,358.81903076171875,359.1737278876896,353.28349369377014,358.14692656984414,70402000
2021-01-26,358.2589111328125,360.1818702142021,358.0255420356784,359.77113832425107,42665300
2021-01-27,349.5028381347656,355.01968606374936,347.2625008838294,354.92633274341165,123351100
2021-01-28,352.5086669921875,356.5226037699403,350.88442731269146,351.3231338347947,94198100
2021-01-29,345.45159912109375,351.61254871858694,343.77132460135704,350.64172533967934,126765100
2021-02-01,351.20184326171875,352.237988412501,345.74100051485544,348.8588083348095,75817600
2021-02-02,356.1679382324219,357.7268564827334,351.28587449203127,354.3943386244664,64450700
2021-02-03,356.44793701171875,358.1748738940465,355.1690790166105,356.9986846197431,52427100
2021-02-04,360.49920654296875,360.5458689619546,356.55993550525034,357.48406790567833,47142600
2021-02-05,361.91815185546875,362.6276030840399,360.45261545754704,362.37557469425633,48669800
2021-02-08,364.5318603515625,364.57852277431755,362.5155480071299,363.3743303003986,38365200
2021-02-09,364.28912353515625,364.88656203696013,363.2809816726569,363.69168503335237,35551100
2021-02-10,364.13043212890625,366.18409143779456,361.72207574615237,366.03473180738115,59154400
2021-02-11,364.71856689453125,365.6333840486648,362.28220709351234,365.21330826144924,42913300
2021-02-12,366.5201416015625,366.7628260637993,363.8410407386607,363.9157347942992,50593300
2021-02-16,366.2027587890625,367.94838348385304,365.48399225881036,367.75233294042647,50972400
2021-02-17,366.2867126464844,366.53874094633073,363.4302494777384,364.44776352927147,52290600
2021-02-18,364.7279357910156,365.4747055890191,361.9461655916854,363.6731027979405,59712800
2021-02-19,364.0837707519531,366.2774458183221,363.6356918594277,365.9880704358901,83241000
2021-02-22,361.2834167480469,363.701117518709,361.01270058049926,361.3114199041765,67414200
2021-02-23,361.7221374511719,363.0756897475787,354.9077705148103,359.0710676558292,107284100
2021-02-24,365.7080383300781,366.1374579842798,359.6404417407371,360.6299244440038,72433900
2021-02-25,356.8960266113281,365.810743501983,355.4491495573829,364.438532027057,146670500
2021-02-26,355.0569763183594,359.9297229825173,353.06869603946325,358.7815655448695,152701600
2021-03-01,363.6636962890625,364.9145796408334,355.2530939230072,359.9391348464769,105348800
2021-03-02,360.825927734375,364.1210978494576,360.32184256880726,363.88772878043636,79595300
2021-03-03,356.04656982421875,361.096651920439,355.9438726099805,360.12585700592814,119940200
2021-03-04,351.6405334472656,358.45489903923504,347.1411708462989,355.85983606589633,183433000
2021-03-05,358.1095886230469,359.1644216094542,347.8506911653114,355.15045563009375,152039600
2021-03-08,356.3265380859375,361.8900482908478,356.0465066194313,359.0709604074307,123149200
2021-03-09,361.4140625,363.9717786646601,359.67778162011194,360.1818668416844,113633600
2021-03-10,363.6636962890625,365.3626300474982,362.3475197320477,363.7663934988811,109899400
2021-03-11,367.3509216308594,369.3298867988707,365.6799911027068,366.13741385422924,86245000
2021-03-12,367.8456726074219,367.98568835649854,365.17594403357333,365.988063865654,64653600
2021-03-15,370.0393371582031,370.3007093782252,365.9507064763015,368.0976905345231,73427200
2021-03-16,369.5726013183594,371.36485984183645,368.79780004485065,370.6554372330348,73722500
2021-03-17,370.832763671875,371.6355395284869,367.1361774154636,368.284363394908,97959300
2021-03-18,365.437255859375,370.3286618015466,364.75580800992077,368.2376843277813,115349100
2021-03-19,364.76116943359375,366.7185215102519,362.57902982560887,365.13577721148323,113624500
2021-03-22,367.67376708984375,369.0598472746513,365.2200533338156,365.2762430701566,73778600
2021-03-23,364.7799377441406,368.48860381975226,363.9932527329955,367.03698777193887,90686600
2021-03-24,362.9255676269531,367.82364968651206,362.87875236928403,366.1847155376861,97588600
2021-03-25,364.9671936035156,365.76322438235565,359.53528100576926,361.48328710314735,116128600
2021-03-26,370.8486633300781,371.2513660035237,365.51978373718055,366.11915050544366,114409100
2021-03-29,370.66131591796875,371.5697547729306,367.87980961613647,369.3688948067096,108107600
2021-03-30,369.6780090332031,370.3523145340844,368.0765156056449,369.3876858323405,76262200
2021-03-31,371.1764221191406,372.7404461142928,370.22116794831715,370.24926281861366,112734200
2021-04-01,375.1847229003906,375.24094121233566,372.90895304429756,373.1149915856355,99682900
2021-04-05,380.56982421875,381.11302977511093,377.7789720579834,377.85388217916733,91684800
2021-04-06,380.34503173828125,381.3939448268143,379.67072638411884,380.00789335156907,62021000
2021-04-07,380.78515625,381.1316690756449,379.7175229110059,380.17641518488864,55836300
2021-04-08,382.59271240234375,382.6489021342962,381.1036273441264,382.04016098431885,57863100
2021-04-09,385.374267578125,385.54286537621095,382.3492818264006,382.471035788063,61104600
2021-04-12,385.5148010253906,385.7863752590293,384.1661900183948,384.77493129415467,56704900
2021-04-13,386.6573181152344,387.2848083159337,385.02775850316095,385.4117407781049,56551000
2021-04-14,385.3367919921875,387.68747208141957,384.7935864554999,386.629184455803,61659900
2021-04-15,389.4762268066406,389.747829555442,387.43459040151805,387.48140564960147,60229800
2021-04-16,390.7779846191406,391.3867256893083,389.3450894807371,390.7686101381314,82037300
2021-04-19,388.8581848144531,390.2910803620789,387.5283228451497,389.8415624370154,78498500
2021-04-20,386.0111083984375,388.74577080213885,384.53136914456286,387.64066789352995,81851800
2021-04-21,389.66357421875,389.8696127711152,385.2524800177592,385.3929829340343,66793000
2021-04-22,386.1047058105469,390.3284815889521,385.0370723441207,389.49498152787896,97582800
2021-04-23,390.2910461425781,391.7052211795834,386.59175516511834,386.6666652858134,73209200
2021-04-26,391.10577392578125,391.67707427054285,390.35655849541547,390.9465792226784,52182400
2021-04-27,391.0215148925781,391.6021897569146,389.87894270910715,391.40549711447903,51303100
2021-04-28,390.9091491699219,392.4169832445719,390.44088233369035,391.2931314053205,51238900
2021-04-29,393.4003601074219,394.0184758048344,390.01011254525065,393.6438680253927,78544300
2021-04-30,390.8154602050781,391.9767813050414,389.9163959508624,391.1245322985736,85527000
2021-05-03,391.65838623046875,393.1942865637714,391.16202453619707,392.81030433526104,68128300
2021-05-04,389.2420654296875,390.1598785882064,385.54277509410423,389.6635169550984,101591200
2021-05-05,389.3638916015625,391.12457955682845,388.8019656570056,390.8904461283248,60162200
2021-05-06,392.4732360839844,392.6043359572241,387.42530505900004,389.4388470624038,74321400
2021-05-07,395.32965087890625,395.98523598413163,392.5575187788485,393.24119875539816,67733800
2021-05-10,391.41485595703125,395.9102058149185,391.2931020158375,395.68544689624537,81852400
2021-05-11,387.9216613769531,388.9143849289387,384.0350517822084,386.88212256677235,116888000
2021-05-12,379.68017578125,386.4044816854546,378.3596596779323,385.1308094211373,134811000
2021-05-13,384.2410583496094,386.17969003386344,381.1879492380252,381.2347930730612,106394000
2021-05-14,390.14117431640625,390.9934233653557,386.9569656309203,386.98506049711693,82201600
2021-05-17,389.1484680175781,389.96327633452273,387.1255518204116,389.02674264587563,65129200
2021-05-18,385.7956848144531,389.6541989870204,385.63646151399263,389.41069108540063,59810200
2021-05-19,384.7842102050781,384.96215388896104,379.6051801496055,381.09429383699194,106467100
2021-05-20,388.9237060546875,390.18803224068034,385.5428331837092,385.66455855446543,78022200
2021-05-21,388.6053161621094,391.6584253302021,388.1464237708593,390.4128194386064,76578700
2021-05-24,392.56683349609375,393.64384150721315,390.609452962444,390.85296086401064,51376700
2021-05-25,391.6958312988281,394.00907059694083,391.1151849988608,393.6531832309636,57451400
2021-05-26,392.4732360839844,392.9789437702944,391.24637906225144,392.2859178870772,43088600
2021-05-27,392.6791687011719,394.01840484734964,392.3981914816347,393.5033228159694,56707700
2021-05-28,393.38165283203125,394.51485069134986,393.14751938948444,394.25262237892713,58520200
2021-06-01,393.03515625,395.89157293552637,392.59498421648266,395.75109858030675,54216600
2021-06-02,393.6531982421875,394.49610143827164,392.67922377059676,393.69066759286113,49097100
2021-06-03,392.1922302246094,393.3348025487419,389.86027032089925,391.3306351753736,58138800
2021-06-04,395.7792053222656,396.0789030095524,392.2578289485074,394.0466120072731,55938800
2021-06-07,395.3951721191406,395.9477235822755,394.4586384024901,395.7697798896526,51555000
2021-06-08,395.4794616699219,396.3504311779216,393.6438635649378,396.2567720889371,47134300
2021-06-09,394.889404296875,396.3972383219587,394.66464536870893,396.32229962541095,48436300
2021-06-10,396.7249755859375,397.680258127959,394.7957187001208,396.11623447588136,51020100
2021-06-11,397.3806457519531,397.4930252325909,395.98521956612944,397.27764075494946,45570800
2021-06-14,398.270263671875,398.37326864285967,396.24734778915507,397.4929248259148,42358500
2021-06-15,397.53985595703125,398.4576407391281,396.65951194675006,398.4201999673124,51508500
2021-06-16,395.32025146484375,397.9050937866466,393.2692688260236,397.68033483022623,80386100
2021-06-17,395.1891784667969,396.1725275487295,392.70736955179314,394.90822975217156,90949700
2021-06-18,389.8578186035156,392.5920221743428,389.6511060005614,391.89672917997007,118676300
2021-06-21,395.43902587890625,395.62695686561256,390.8068166664467,391.6242619775581,72822000
2021-06-22,397.55316162109375,398.389417322035,394.7061817905028,395.42969035743977,57700300
2021-06-23,397.0739440917969,398.4363433818504,396.9893837502826,397.6283032245522,49445400
2021-06-24,399.4229736328125,399.84577537805154,398.97195643031233,399.225666151701,45110300
2021-06-25,400.84173583984375,401.2927530302253,399.8457646343818,400.17462954356137,58129500
2021-06-28,401.6497497558594,401.8188704262666,400.16519830299507,401.3678819718473,53159600
2021-06-29,401.86590576171875,402.6739459356344,401.3303282468715,402.03502644822527,35970500
2021-06-30,402.2041320800781,402.8806434750254,401.3772816335601,401.40546841358946,64827900
2021-07-01,404.4309997558594,404.59074396913576,402.89945103578833,402.9652297515047,53441000
2021-07-02,407.5223083496094,407.87936005714425,404.51558429333807,405.5961445685343,57697700
2021-07-06,406.7799987792969,407.79478028651687,404.036389732283,407.57866250692047,68710400
2021-07-07,408.2176208496094,408.499517372538,405.44582475675105,407.46595413696065,63549500
2021-07-08,404.8914489746094,405.65252080916207,401.69679389092374,402.88069615544833,97595200
2021-07-09,409.2135314941406,409.5142096043328,404.69406938658494,406.4041438797797,76238600
2021-07-12,410.6793518066406,410.93306153821294,408.69681441503684,409.1290213300447,52889600
2021-07-13,409.279296875,411.39339138063787,409.0162107057125,409.89002955289146,52911300
2021-07-14,409.89013671875,411.468682821428,408.6404842564731,410.9800736119743,64130400
2021-07-15,408.4901123046875,409.2229973856593,406.5827300635527,408.5464858744355,55126400
2021-07-16,405.2860412597656,409.7209432529059,404.89142630984423,409.6739748407586,75874700
2021-07-19,399.30084228515625,405.3518538666455,396.48204913878226,400.4471526449849,147987000
2021-07-20,405.02294921875,406.3008168970858,399.1692457026754,399.96790941735486,99608200
2021-07-21,408.3022155761719,408.4431781866263,404.9760599847373,406.22571245142046,64724400
2021-07-22,409.15716552734375,409.4014700806899,407.4940880872588,408.48065410397567,47878500
2021-07-23,413.3665466308594,413.7047879837423,410.406820096168,411.09270795314995,63766600
2021-07-26,414.38134765625,414.39075280856224,412.72767528125456,412.774643694326,43719200
2021-07-27,412.4927978515625,413.366616835825,409.6551944295432,413.33843005163095,67397100
2021-07-28,412.3236389160156,413.70484865800637,410.8954607595387,413.1223026819993,52472400
2021-07-29,414.03363037109375,415.114161755324,413.24437191632796,413.25377706703324,47435300
2021-07-30,412.02294921875,413.4793140165647,411.32762750222685,411.4591849287355,68951200
2021-08-02,411.15850830078125,414.2967608282837,410.80145662667593,413.74240168794654,58783300
2021-08-03,414.5035095214844,414.62566180738776,409.75855272178563,411.9572078453096,58053900
2021-08-04,412.464599609375,414.4753237326035,412.2297001895343,413.21626628316693,46732200
2021-08-05,415.0766906738281,415.1612510262335,413.3102424033691,413.62970218164946,38969700
2021-08-06,415.76251220703125,416.18534257573646,415.11418760127896,415.39608407182965,46930000
2021-08-09,415.4242858886719,416.0538002146291,414.65380898521596,415.73434047583487,41222600
2021-08-10,415.9410400390625,416.65514335880624,415.18937346245787,415.87526132819306,43339300
2021-08-11,416.974609375,417.0685748670529,415.88467275051914,417.0122013066696,44034300
2021-08-12,418.2243347167969,418.3652973166653,415.92233746699225,416.8243432652148,38909400
2021-08-13,418.98541259765625,419.0041942286406,418.18674883001233,418.67532930381714,39470300
2021-08-16,419.9718933105469,420.1034220491868,416.11953784781855,417.6792731297716,73740000
2021-08-17,417.21893310546875,418.0833468539245,414.2216144188741,417.40683542397306,92673900
2021-08-18,412.6524963378906,417.7733150905875,412.40822044306,416.2041743706888,89351900
2021-08-19,413.2913818359375,414.49409427742756,409.7772960279677,409.9182299315039,92812200
2021-08-20,416.58001708984375,416.9088820154154,413.1504912643013,413.6391004134635,72008700
2021-08-23,420.2444763183594,421.15588723398355,416.6552062239017,418.27131541425854,54973000
2021-08-24,420.91156005859375,421.44713760045585,420.3947928212322,420.91156005859375,38744700
2021-08-25,421.79473876953125,422.31150595130316,420.7235838010332,421.0994457596763,40529700
2021-08-26,419.3048095703125,421.7477402477029,419.21084408097255,421.5128408614737,57829600
2021-08-27,423.05389404296875,423.42972741443157,420.05657487618697,420.112948448194,77235100
2021-08-30,424.91424560546875,425.70350417202803,423.4860388594857,423.73034341850786,48357400
2021-08-31,424.2847595214844,425.1585785509244,423.6834318695061,424.82033712310806,59300200
2021-09-01,424.51019287109375,425.7410634582663,424.2752934663014,425.22429623742056,48721400
2021-09-02,425.8162536621094,426.62429386298294,424.61356983864454,425.93840594229823,42501000
2021-09-03,425.712890625,426.22968653702213,424.27530736753846,424.67935614944514,47170500
2021-09-07,424.1907043457031,425.45916678038213,423.51419295882374,425.36520128999075,51671500
2021-09-08,423.67401123046875,424.3881146731991,421.7478187005373,423.6552295988036,56181900
2021-09-09,421.86053466796875,425.23368656226256,421.6162301197451,423.47664366355934,57970400
2021-09-10,418.5343933105469,424.2189478107895,418.4122410241399,423.796146058895,89948200
2021-09-13,419.60552978515625,421.8042136445405,417.2847223106919,421.5411274345474,83738600
2021-09-14,417.3411560058594,421.25926266690806,416.44852665062126,421.05255000960284,78197100
2021-09-15,420.82696533203125,421.3249508984544,416.65514981646095,417.7638680701213,78792200
2021-09-16,420.159912109375,421.27800698138066,417.20015644327026,420.30084602817857,77786700
2021-09-17,416.06707763671875,419.8092317575897,415.70888206973706,419.38507550677497,118425000
2021-09-20,409.1295471191406,411.5049087070392,404.2468162615164,409.9213343151068,166445500
2021-09-21,408.7430114746094,412.7773715752907,408.21515342525714,411.4765682514919,92526100
2021-09-22,412.73016357421875,414.7756347909319,408.8560600178592,411.0240460630981,102350100
2021-09-23,417.7449035644531,419.35678355873563,414.3703804133432,414.6060323552564,76396000
2021-09-24,418.43304443359375,419.1494355881211,415.887991791221,416.104801947488,62094800
2021-09-27,417.2359313964844,418.5649830834851,416.5383820618651,417.39615861384715,61371100
2021-09-28,408.8278503417969,414.78513845678503,408.0926174189165,414.4552199782642,130436300
2021-09-29,409.5159606933594,411.95731138665417,408.95039027329,410.2134812439846,82329200
2021-09-30,404.5107421875,411.7028158417851,404.1713884067889,410.9958599619211,140506000
2021-10-01,409.3179931640625,411.0052691446982,402.7103321875053,406.24511136235,129240100
2021-10-04,404.0393981933594,409.0540495415791,401.89022491627236,408.1491541596147,128570000
2021-10-05,408.243408203125,410.49622568957915,404.7463416257037,405.54753517269626,90682500
2021-10-06,409.940185546875,410.1475604434059,403.00260494677053,404.6332982654755,113032200
2021-10-07,413.484375,416.33104043427755,413.0507834308566,413.22988122887205,72437500
2021-10-08,412.73016357421875,414.6436846809419,412.0986325703553,414.2572121002319,74557400
2021-10-11,409.7421875,414.9925198577681,409.67619805003494,412.07042992014857,65233300
2021-10-12,408.7335510253906,411.07122850437753,407.94176400011384,410.66591409252834,71181200
2021-10-13,410.2040710449219,411.02413525942126,406.77299348127605,409.761044211489,72974000
2021-10-14,417.10394287109375,417.2547635679065,413.4089077144482,413.88021160469805,70236800
2021-10-15,420.2805480957031,420.64817895672934,418.60270731079913,419.2248319298455,66260200
2021-10-18,421.5247802734375,421.86410527039766,417.8297450763768,418.4895820363863,62213200
2021-10-19,424.7767639160156,424.842724595289,422.54275941839205,423.1554774596146,46996800
2021-10-20,426.4452209472656,426.74686236318604,425.1255757102496,425.23868404969255,49571600
2021-10-21,427.55743408203125,427.7836507306402,425.4082896219313,425.8418811204668,41305400
2021-10-22,427.1143798828125,428.57543902090026,425.1631751155016,427.1238151646005,58845100
2021-10-25,429.405029296875,429.7349478242848,426.4264135641018,428.2079275863371,45214500
2021-10-26,429.79144287109375,432.17623944578014,429.4144055056858,430.9602960997976,56075100
2021-10-27,427.8873596191406,430.92255769132396,427.81193489095295,430.25331425071147,72438000
2021-10-28,432.0159912109375,432.09138717390806,429.31071156896627,429.32011808552153,51437900
2021-10-29,432.89263916015625,433.1848452815996,429.41441402054215,429.7066201419855,70162400
2021-11-01,433.6373596191406,434.2594843040812,431.90296448208403,433.88241811967276,48433600
2021-11-02,435.39056396484375,435.70164066708185,433.6750107589926,433.8069896668776,48908400
2021-11-03,438.0486755371094,438.4539899664902,434.381917575128,434.82494436908786,52509800
2021-11-04,440.113037109375,440.1978683644072,438.3032173703606,438.6519776741961,52847100
2021-11-05,441.6399841308594,443.6383078504751,440.1223995429621,442.34693990521987,66390600
2021-11-08,442.0171203613281,443.24252790407456,441.3290349972939,442.7429468623863,50405200
2021-11-09,440.5559997558594,442.6203129591669,439.14208817913396,442.3846610297126,51149100
2021-11-10,437.01190185546875,440.5561170230126,435.52259392198033,438.85940541964885,69429700
2021-11-11,437.1532287597656,438.5860110906729,437.13438695871474,438.51058635425227,34848500
2021-11-12,440.45233154296875,441.0084666869661,437.4736874755457,438.4257305483091,53466700
2021-11-15,440.6031494140625,441.9039527580955,439.4720373333301,441.7437255438924,46980500
2021-11-16,442.34698486328125,443.48753224066024,440.2638296909527,440.33922565746155,48857500
2021-11-17,441.2723693847656,442.2620959339399,440.65024486930344,442.08299817496885,47858300
2021-11-18,442.77117919921875,443.0351082367169,439.57572489933375,442.3092818090162,50625600
2021-11-19,441.9793701171875,443.9117045350223,441.61173927995986,442.65802009464244,57315600
2021-11-22,440.7350769042969,446.3624458670388,440.5277020654347,443.8645412849062,72762000
2021-11-23,441.31951904296875,442.17729553626265,437.79417530890146,440.4051883866977,73206500
2021-11-24,442.4977722167969,442.6203158234828,438.49168939015044,439.3117535073813,61858800
2021-11-26,432.62872314453125,437.2757729097936,431.49758222572393,435.80530697500916,112669600
2021-11-29,437.935546875,439.7830499281074,435.2302673557095,437.43596594042134,86268800
2021-11-30,429.4144592285156,437.3983494149785,429.1693719655901,435.48485649918706,148559600
2021-12-01,424.6448059082031,438.00157083991655,424.4468663284383,435.1454704103125,131939200
2021-12-02,431.1487731933594,432.72294077139185,424.46568778929884,424.86159569596447,127637800
2021-12-03,427.3972473144531,433.8823649056814,423.1555121550906,432.81724224030523,137331600
2021-12-06,432.4590759277344,434.34429168166633,427.52922637540286,429.9517355230717,98977500
2021-12-07,441.4044189453125,441.9699894291605,432.32710041618657,437.75653103535194,95484700
2021-12-08,442.5732421875,443.02570432644137,440.0376246848535,441.80032558687594,72238800
2021-12-09,439.58514404296875,442.6768964113346,439.38720446363953,441.28182654086095,61272600
2021-12-10,443.7231750488281,443.87399574484607,439.73596256863544,442.29985686872703,77159800
2021-12-13,439.7925109863281,443.55350675639556,439.50971139770047,443.2047464865836,87724700
2021-12-14,436.7666931152344,439.010104059482,433.8351969554868,436.5121993902541,97264100
2021-12-15,443.5912170410156,443.8362754973497,434.29708958094557,436.82330023675024,116899300
2021-12-16,439.6794128417969,445.7309387127813,438.1240869835833,445.4481678837098,116568600
2021-12-17,434.9999694824219,439.60659254948297,433.28785760056076,436.58910721798844,135511600
2021-12-20,430.3744201660156,430.77169014947333,426.7420931242701,429.9014604647388,107134800
2021-12-21,438.0174560546875,438.159338198056,431.63249979857073,433.80810297600897,69806300
2021-12-22,442.3970947265625,442.5106004481901,437.5634310546569,437.7620949346776,58890200
2021-12-23,445.149658203125,446.653666526917,443.2956643336112,443.39970160734777,56439700
2021-12-27,451.4494934082031,451.49677783042705,446.48341665361187,446.5307010758358,56808600
2021-12-28,451.0805969238281,452.9156829394374,450.31440448987655,451.88463421803556,47274600
2021-12-29,451.65771484375,452.67929534150494,450.18208253189505,451.18475502925355,54503000
2021-12-30,450.40899658203125,453.095404283241,449.9455053015741,452.083263571022,55329000
2021-12-31,449.2738342285156,451.07107517141947,448.9995384088033,449.9170813081463,65237400
2022-01-03,451.87518310546875,452.0076256878553,448.2239477980202,450.5414331852414,72668200
2022-01-04,451.7237854003906,454.02239141771696,449.86032307936296,453.3034834561525,71178700
2022-01-05,443.0497741699219,452.1306070232727,442.9551764477384,451.3549461154086,104538900
2022-01-06,442.6335144042969,445.35776682155085,440.25924753685416,442.58622998244016,86858900
2022-01-07,440.8836364746094,443.82546126521584,439.5215100228774,442.6430618360855,85111600
2022-01-10,440.3349609375,440.55250393034436,431.9068153934691,437.6769296616079,119362000
2022-01-11,444.3456115722656,444.44020928004124,437.0620210810528,440.0700665321806,74303100
2022-01-12,445.5469665527344,447.6090928817036,443.5794668088616,446.08614756445814,67605400
2022-01-13,439.4079284667969,447.30636106377136,438.3768798065865,446.65367438215316,91173100
2022-01-14,439.58770751953125,439.93769311285763,435.0283686395281,436.2486128671345,95890900
2022-01-18,431.8027648925781,435.08510657220825,430.6865868583265,434.8770031364011,109709100
2022-01-19,427.3190612792969,434.7539734256139,427.04473658825316,433.3540312792543,109357600
2022-01-20,422.5895080566406,433.93107285742065,420.46118932552156,429.21094410901105,122379700
2022-01-21,414.29376220703125,423.828616436145,414.26538578156715,421.46381809024535,202271200
2022-01-24,416.05316162109375,416.5639661506676,398.00503320354795,408.6655338392634,251783900
2022-01-25,410.9736328125,415.9397100242834,404.0494953719495,409.6398828972748,167997300
2022-01-26,409.9425354003906,420.0260392062578,405.66696143338,416.885580014085,186391100
2022-01-27,407.91827392578125,417.7085455157903,406.225098979547,414.5586466067945,149878300
2022-01-28,418.0491027832031,418.0963872077387,404.68325664580124,409.28041120998864,164457400
2022-01-31,425.5785827636719,425.9285683081596,416.02479145329517,417.3774492101084,152251400
2022-02-01,428.4541931152344,429.09741136310794,422.76920842520514,426.30693765567827,123155400
2022-02-02,432.61627197265625,433.3446195666415,428.54880096336996,430.8663151934965,117361000
2022-02-03,422.4476318359375,428.4731341093042,421.60574966980835,426.5623872138765,118024400
2022-02-04,424.43408203125,428.2934208063521,419.8274299173056,422.21116548081926,118454400
2022-02-07,423.07196044921875,426.6002216728821,421.7382105038977,425.20027930229384,84472900
2022-02-08,426.5529479980469,427.47995951404795,421.1422872227027,422.5706349264903,81012000
2022-02-09,432.7959289550781,433.11753805625085,430.4027542567096,430.6013892288997,92589900
2022-02-10,425.02056884765625,432.95681866915055,423.015224068938,426.93131590022927,140103700
2022-02-11,416.6396789550781,427.1866752033313,415.20189176224045,425.10566970321133,153214600
2022-02-14,415.27752685546875,417.7180150863629,411.7965503726483,416.1288774138365,123006300
2022-02-15,421.9746398925781,422.14489845233356,419.2125426099258,419.7328155876255,88482700
2022-02-16,422.4476318359375,423.82866614912444,418.03964373808554,419.92201420472077,84863600
2022-02-17,413.4235534667969,422.4192566946621,412.81818002832114,419.2504207563761,102259100
2022-02-18,410.7466125488281,414.937028777914,408.4669432136912,413.6789397456878,132642900
2022-02-22,406.3386535644531,411.9479493682577,402.82927137444875,408.5331937704951,124391800
2022-02-23,399.1307067871094,409.8290530099485,398.56314936740426,409.2614955902434,132578000
2022-02-24,405.13726806640625,405.57241177540527,388.43235684105287,388.79178196515704,213942900
2022-02-25,414.0762939453125,414.1614232429993,404.72113549256585,406.37649474877213,121804500
2022-02-28,413.01678466796875,414.5018850268596,407.40748965693734,408.665549734316,145615000
2022-03-01,406.7264099121094,413.5275723046222,404.01159714649674,411.51275948322075,137785900
2022-03-02,414.2086181640625,415.9396377899964,408.230401230632,408.98712512747574,117726500
2022-03-03,412.14654541015625,417.254504541962,410.33983584072405,416.6491311196768,105501700
2022-03-04,408.7979431152344,409.93302891754075,404.73994136911347,408.40064432076974,113978200
2022-03-07,396.74700927734375,408.9209886334295,396.68078798416894,408.2115490078565,137896600
2022-03-08,393.7389831542969,404.10625256186984,392.67008952422367,396.9267271799458,164772700
2022-03-09,404.29541015625,406.28184664972684,399.9536436179305,402.1481835320033,116990800
2022-03-10,402.46978759765625,403.3683936870223,397.7023458467199,399.6698454526476,93972700
2022-03-11,397.35235595703125,405.58183714067377,396.8415514153587,404.96699532473235,95636300
2022-03-14,394.4483947753906,401.5900747886048,393.30384036976113,398.12803514404516,95729200
2022-03-15,403.12249755859375,403.75624741323844,395.79162195110837,397.0685900922245,106219100
2022-03-16,412.0614318847656,412.1181847431763,401.8265763662033,406.6413318363514,144954800
2022-03-17,417.2167053222656,417.2167053222656,409.76285531991505,410.14121733245054,102676900
2022-03-18,421.78643798828125,422.10904630249036,414.85978468887356,415.599892928966,106345500
2022-03-21,421.6630554199219,423.6271696352851,418.14277109962075,421.61559514188474,88349800
2022-03-22,426.5970458984375,427.53640601074585,423.0577952903336,423.0577952903336,74650400
2022-03-23,421.1031494140625,425.5532955455607,421.01775567281896,424.0541127156518,79426100
2022-03-24,427.45098876953125,427.4604866147809,422.01405150101834,423.1336968803554,64736900
2022-03-25,429.5385437011719,429.81372063765116,425.4963992292135,428.0867920742761,77101300
2022-03-28,432.59381103515625,432.59381103515625,427.0429864983594,428.94070230876207,68529800
2022-03-29,437.9454345703125,438.43885930354094,433.79892940016117,436.49368286841064,86581500
2022-03-30,435.2412109375,437.6133561269199,433.1252470040713,436.79732312419725,79666900
2022-03-31,428.5422668457031,435.29813157975457,428.086804553789,434.47262970310084,121699900
2022-04-01,429.7568054199219,430.26916792356127,426.1701231101965,430.12684500588364,89048800
2022-04-04,433.4383239746094,433.54271341244913,429.13052949203757,429.9560313211461,59601000
2022-04-05,427.9634704589844,434.4156939980702,426.81536025846015,431.93918824030493,74214500
2022-04-06,423.68408203125,425.9708333848193,420.790076589019,424.0351838301639,106898000
2022-04-07,425.81903076171875,427.6408510190052,420.8470236814181,422.80166901253705,78097200
2022-04-08,424.6803894042969,427.58389261830564,423.13374620427055,425.05992681953586,79272700
2022-04-11,417.42169189453125,422.2418785763653,416.91879823113015,421.3973809199232,89770500
2022-04-12,415.875,422.95347289670224,414.3188589093481,420.42000917950406,84363600
2022-04-13,420.63824462890625,421.3973194587367,415.44799012468565,415.62827546421886,74070400
2022-04-14,415.40057373046875,421.9856509126384,415.2961842874288,420.865976406667,97869500
2022-04-18,415.5713806152344,417.2603468643932,413.33206045568215,414.4707017512987,66002500
2022-04-19,422.2796936035156,423.0008058582532,415.2960849695427,415.46687242801926,77821000
2022-04-20,421.9666748046875,424.680424010639,420.79959788164615,424.06367204101167,65224400
2022-04-21,415.6567077636719,426.9955717535205,414.745812247252,425.6007494204808,85417300
2022-04-22,404.25146484375,415.6756941570096,403.68214426024474,414.5655465281797,132471800
2022-04-25,406.5951843261719,406.76597183059135,397.4197139696294,402.00271470283917,119647700
2022-04-26,394.81982421875,404.251475165839,394.79135963669034,404.05219413457274,103996300
2022-04-27,395.92999267578125,401.2910638857322,393.78559314865083,395.9015280922262,122030000
2022-04-28,405.93096923828125,407.6673957249043,396.24313643650856,400.69328310824267,105449100
2022-04-29,390.9294128417969,404.09006586917724,390.179807073335,401.92667124764677,145491100
2022-05-02,393.28265380859375,394.64901157407303,384.3064367465445,390.9959026727131,158312500
2022-05-03,395.0854797363281,397.5050559376166,392.2199101812944,393.7855489717306,100028200
2022-05-04,407.1170349121094,407.6863555366896,392.55205797111023,395.74970498454525,144247900
2022-05-05,392.6469421386719,403.26466589369136,388.5004371483432,402.83766819412307,172929100
2022-05-06,390.30322265625,393.58626302991394,384.98014349725037,390.075506016204,151770800
2022-05-09,377.80682373046875,385.6254048215441,376.222218040834,384.3824030885751,155586100
2022-05-10,378.6797180175781,385.3122258608909,374.6281049717166,383.80354518634044,132497200
2022-05-11,372.66400146484375,383.3766170241636,371.91439549274446,377.7119332720128,142361000
2022-05-12,372.2749328613281,375.5579733330181,365.4526417334001,369.4568235292296,125090800
2022-05-13,381.1752624511719,382.5605871160499,375.3777246252647,376.42147428654954,104174400
2022-05-16,379.6285705566406,383.3101440048578,377.2659235471476,379.52421008230226,78622400
2022-05-17,387.4377136230469,387.6749281280144,381.99124889833473,385.73924965956155,83029700
2022-05-18,371.8194885253906,383.1488555613553,370.57648684005943,382.86420973908423,117674500
2022-05-19,369.54217529296875,373.9828520999343,367.3123535230859,368.74513816270417,98510700
2022-05-20,369.70361328125,376.72515794543034,361.0784959937807,373.13847522235545,131432200
2022-05-23,376.6206970214844,377.3892696174309,370.41515813861474,372.73984266032306,76414900
2022-05-24,373.7456970214844,374.9412384284281,367.1700889774752,372.4836996470706,91448800
2022-05-25,377.0476989746094,379.02133983121746,371.84797566495524,372.24647980927637,91472900
2022-05-26,384.58160400390625,386.2231386417738,378.0724525251895,378.2812024273643,82168300
2022-05-27,394.02276611328125,394.1366244354948,386.84940224535666,387.0486543092304,84768700
2022-05-31,391.8119812011719,395.1614492463279,389.0602984118207,392.4002686094712,95937000
2022-06-01,388.6427307128906,394.9526303936965,386.1187650491988,393.93737437755783,86585800
2022-06-02,396.0438537597656,396.0912850769354,386.2231676872298,388.48145435599463,79609600
2022-06-03,389.54412841796875,392.86513105129364,388.56680594414985,391.30899020382157,71874300
2022-06-06,390.7302551269531,395.3037288108325,389.5536514825728,393.5673313620774,57508900
2022-06-07,394.47821044921875,394.9336727076749,386.7639903779014,387.22895048242367,59272400
2022-06-08,390.189453125,394.55420644578777,389.3924157466244,392.76085062680306,64350000
2022-06-09,380.9095764160156,390.68280270998093,380.9095764160156,388.4055491902739,86289800
2022-06-10,369.8648376464844,375.539018923671,369.81740632911726,374.6850525131261,132893900
2022-06-13,355.82171630859375,362.28343636021015,354.20864627859,360.42368296422063,170004900
2022-06-14,354.74957275390625,358.61143216554296,351.6373193482159,357.57718031270616,104011800
2022-06-15,359.8069152832031,364.26652989061614,353.08898535903893,358.0609913233088,125666800
2022-06-16,347.89874267578125,351.9693511680537,345.4601709271187,351.5613492213625,134473300
2022-06-17,348.6488037109375,352.0032306713774,345.1324194424218,348.3152920555213,111113900
2022-06-21,357.425537109375,358.8168459845613,354.3188884339103,354.3951412687327,76811900
2022-06-22,356.777587890625,360.9038789358132,352.7656179512523,353.1849213609822,90059400
2022-06-23,360.2747802734375,361.0085464071332,355.34801079504194,358.9215981482398,79292100
2022-06-24,371.72943115234375,371.73897002798424,363.4291843301753,363.4577718751588,98050300
2022-06-27,370.3094787597656,372.9491586215477,369.21358425811263,372.65374434063085,66009600
2022-06-28,362.7430114746094,374.6645107225344,362.62866130813416,371.87235419067196,86548900
2022-06-29,362.44757080078125,364.2867703688928,360.61791010649307,363.29571627695856,65676000
2022-06-30,359.50299072265625,362.75257724327525,355.033620532644,358.5404949469073,112508300
2022-07-01,363.3052673339844,363.7436484326006,356.21526590396945,358.84543616792405,74839700
2022-07-05,363.9913635253906,364.0104412734267,355.3575774256308,358.197399099367,81438000
2022-07-06,365.2207336425781,367.7174760792101,361.7424467576076,364.1343488121394,70426200
2022-07-07,370.6906433105469,371.49112350460933,365.2397294426553,367.0027052771426,64525900
2022-07-08,370.3857421875,372.2630682971359,367.5173328363373,369.05157936616473,72397800
2022-07-11,366.1546325683594,368.6704236096154,365.45896357627913,367.6984180612563,58366900
2022-07-12,362.9145202636719,367.9937962223962,361.16108326606883,365.6018653816874,62219200
2022-07-13,361.0086364746094,363.9532987804005,357.0348226323127,357.4541259795869,84224600
2022-07-14,360.13189697265625,361.2182525694564,353.585088606192,356.0341654064419,89704800
2022-07-15,367.01226806640625,367.1266182327333,362.6381997127906,364.5536231626373,79060400
2022-07-18,363.9818420410156,370.78593810865794,362.75251969143335,370.10934695957155,63203600
2022-07-19,373.8163757324219,374.388155662866,367.26005698672697,367.91757046251206,78506000
2022-07-20,376.19873046875,377.6186558198573,372.6346814850552,374.00694154890255,71843800
2022-07-21,380.0296630859375,380.0772992947523,373.20648868060636,375.61746830171614,64903900
2022-07-22,376.50372314453125,381.35427008262405,374.2738075771249,380.15356421213477,72197300
2022-07-25,376.9610595703125,377.8187147174266,374.71206681008834,377.13258478334967,53631500
2022-07-26,372.50128173828125,375.5221383804845,371.6055000576572,375.3124867300845,52946400
2022-07-27,382.173828125,383.92726526145685,375.5126398831095,375.8080541838099,82342100
2022-07-28,386.9671630859375,387.6628029165216,379.41973266149375,382.98381076172706,73966600
2022-07-29,392.608642578125,393.5997257422066,387.63420717412276,388.40609981595657,87003700
2022-08-01,391.446044921875,393.9618647731453,389.18754201289954,389.90225959583773,69997500
2022-08-02,388.8635559082031,393.5711649045606,387.6818987628926,389.8736878063429,63435400
2022-08-03,394.95294189453125,396.125060100099,390.71227266816476,390.9981480641734,67820600
2022-08-04,394.6861267089844,395.562830670343,393.0375009919587,394.87670061792033,45656600
2022-08-05,394.0190734863281,394.66707717050787,390.3311350966772,390.388310181638,56814900
2022-08-08,393.5616149902344,397.973809576496,392.45618162514177,395.7153066396332,53886100
2022-08-09,391.9988098144531,393.3329436008308,390.92196391054046,392.82787762877587,44931800
2022-08-10,400.2323913574219,400.37535816948497,397.1162325129598,399.0793215585019,68665700
2022-08-11,400.2323913574219,404.9590789010792,399.4890860788374,403.0912622876605,59489700
2022-08-12,407.00787353515625,407.1126848285764,401.2234185174377,402.1763753606097,61694500
2022-08-15,408.68505859375,409.20920230766916,404.73029350332524,404.7874685874713,54048300
2022-08-16,409.48553466796875,411.42003574290754,406.79818960368954,407.608208672531,59289000
2022-08-17,406.5790100097656,409.29494268682157,404.56828513540523,405.87383128900353,63563400
2022-08-18,407.7607116699219,408.4468126683968,405.4831308884467,406.7791382170342,49023200
2022-08-19,402.28118896484375,405.25440946456814,401.4044559314192,404.98758272951426,68016900
2022-08-22,393.90472412109375,397.6022013931033,392.9994034708054,397.43064705593497,77695600
2022-08-23,392.95172119140625,395.8773053899406,392.39898999121,393.47583577048323,49105200
2022-08-24,394.2096862792969,395.5819174343657,392.0369457510284,392.72304678759474,49177800
2022-08-25,399.77490234375,399.8225385492928,394.609863874263,395.70575833914074,50942300
2022-08-26,386.2429504394531,400.2037629054227,386.1857753532475,399.6605995864693,103087000
2022-08-29,383.6889953613281,386.74797850113623,382.32627413715045,383.2792309230537,65370800
2022-08-30,379.4768981933594,385.0898273941945,377.37087192480084,384.8515882073733,85652400
2022-08-31,376.58941650390625,382.364331699267,376.45601769036006,381.11596076613347,76029700
2022-09-01,377.771240234375,378.11429080730164,371.69136970402195,374.40730306745417,78740100
2022-09-02,373.7877502441406,382.66931422719347,371.96759934267,381.4495307376448,99632100
2022-09-06,372.37738037109375,375.5793010181184,370.1474651172163,374.6358831635364,76637400
2022-09-07,379.06719970703125,379.83909248004124,371.8437991022164,372.0629605797766,70964200
2022-09-08,381.5448303222656,382.0022309523516,375.5793117281485,376.78958541975953,80821700
2022-09-09,387.47222900390625,388.33942315556953,383.52697401163135,383.79380074430213,76706900
2022-09-12,391.6366882324219,392.3609447639195,389.2447571690339,389.5497103488156,69256300
2022-09-13,374.6073303222656,384.1368984857324,373.48284825864073,382.92662471653426,122947100
2022-09-14,376.0367736816406,377.561510437167,372.72047341951594,375.912884639726,85023700
2022-09-15,371.76751708984375,377.3327815354644,370.4905584164042,374.473911020677,87633800
2022-09-16,368.93133544921875,369.59157905276464,365.63011743148934,367.57259441105026,103084800
2022-09-19,371.7923889160156,371.7923889160156,365.6971224730672,365.7736885415829,73278500
2022-09-20,367.5248107910156,369.46725897862933,364.75946704082656,368.45297741473667,77274900
2022-09-21,361.11370849609375,372.51959913129366,361.1041304377305,369.457598997585,106746600
2022-09-22,358.0804138183594,361.98443625276843,357.3340552999548,360.33861628892794,89472600
2022-09-23,352.080810546875,354.63564059434674,347.62178673365196,354.5973575655179,122346900
2022-09-26,348.5977783203125,354.2433131071723,347.372984233667,350.6072138753357,92581200
2022-09-27,347.7078857421875,354.4251115253299,345.30612951710526,352.14775323720477,108294100
2022-09-28,354.549560546875,356.2432124213187,346.96157731312644,348.66480724606794,110802200
2022-09-29,347.14337158203125,351.27703369645445,344.18664256070633,350.9899839667711,112952300
2022-09-30,341.77532958984375,350.1288276674464,341.64138277467254,346.19607091427036,153711200
2022-10-03,350.79864501953125,352.6549780572887,343.7178017916793,345.50714681640204,89756500
2022-10-04,361.6686706542969,361.6973756271638,350.7603429439157,356.3388901479635,103602800
2022-10-05,360.82659912109375,363.09437945569084,354.951424456926,357.2861927916206,88065700
2022-10-06,357.1044006347656,362.38631999103904,356.6068088422916,359.42001295633844,82333500
2022-10-07,347.14337158203125,357.19052094050096,345.3731537119263,353.0568296246811,107789500
2022-10-10,344.4928283691406,348.50212184161734,342.24420395687974,348.2629039933855,76042800
2022-10-11,342.3111877441406,347.37304595854516,340.3687398427891,342.7896234755218,92482800
2022-10-12,341.18206787109375,344.3014780144964,340.93327195985853,342.7226460270839,76991800
2022-10-13,350.18621826171875,351.6598083555464,333.09648032022864,334.14904467296265,147254500
2022-10-14,342.2059020996094,354.2911917996768,341.5647854530019,352.6549207827784,123737000
2022-10-17,350.9996032714844,352.1095776923561,341.8710411766843,348.31079674902963,93168200
2022-10-18,355.1236267089844,359.2573174594004,351.6693063601594,358.9511116553564,97162900
2022-10-19,352.6070861816406,355.8126109872074,349.7843040689634,353.07594379032565,79746900
2022-10-20,349.650390625,356.5972865092172,348.8848759647924,352.15738908420826,88283100
2022-10-21,358.1474609375,358.635445571471,347.8610917660503,349.3729359677487,131038400
2022-10-24,362.5299072265625,363.6685866686993,357.01831794034774,359.6784487928094,85436900
2022-10-25,368.3189392089844,368.6346939112867,362.3384931688921,362.45331306063844,78846300
2022-10-26,365.54400634765625,370.86420906296183,364.9029188543151,365.1612636230857,104087300
2022-10-27,363.592041015625,368.3955254058148,362.97005118304014,366.54877042964904,81971800
2022-10-28,372.2420959472656,372.7205316401089,363.30492070912123,363.4867286085135,100302000
2022-10-31,369.55328369140625,371.6488343281588,368.6442734105965,369.7733746190449,96631300
2022-11-01,367.9361572265625,373.5530165227909,366.75922416699274,373.3137986877374,85407600
2022-11-02,358.702392578125,371.86895295670394,358.59715073623875,367.3429405262177,126990400
2022-11-03,355.00885009765625,358.0612720504973,352.8845945254816,355.4490027437404,87100100
2022-11-04,360.11859130859375,362.5298969522744,354.0424515033242,360.74055193717084,103505200
2022-11-07,363.5633239746094,364.1565796093266,359.3339392603805,361.41991204096684,68286900
2022-11-08,365.5248718261719,368.5103058976594,361.4294634355471,364.6732422704296,84641100
2022-11-09,357.99432373046875,364.7020020044285,357.4967318827505,363.5441665136991,78495500
2022-11-10,377.6676025390625,378.00251339358414,369.00792742280294,371.31396196649206,141455800
2022-11-11,381.32281494140625,382.1265833794771,376.6341219172314,378.5287377221533,93839900
2022-11-14,378.0790710449219,382.9208386094191,377.80157012719025,379.552661364978,71903500
2022-11-15,381.3036804199219,384.9589362297327,377.4761947639268,383.8489618853264,93194500
2022-11-16,378.394775390625,380.6242727188842,377.76323681489697,379.6674013983378,68508500
2022-11-17,377.2369689941406,377.9163687088292,373.3138196401911,373.6199962931831,74496300
2022-11-18,378.94970703125,380.6529366300422,376.088671435878,380.58594863649495,92922500
2022-11-21,377.5718688964844,378.74883118944996,375.7251141679959,377.6197299856339,51243200
2022-11-22,382.65289306640625,382.81557406409473,378.1077536070245,379.52393388792524,60429000
2022-11-23,385.06414794921875,385.5521324382313,382.08826312540333,382.31790288493863,68261600
2022-11-25,384.9780578613281,385.53305962661244,384.2221504796513,384.49962216089574,30545400
2022-11-28,378.8349304199219,383.52359408000194,378.0694158378015,381.8777742301874,67881600
2022-11-29,378.1842956542969,380.16499726824185,376.3375116508364,378.9689080128027,52310000
2022-11-30,390.0972900390625,390.0972900390625,376.5097349096026,378.4330263925904,144566700
2022-12-01,389.8102111816406,392.3172091630941,387.29363514332283,391.1402470231034,76398200
2022-12-02,389.36053466796875,390.2695449532932,384.7962687221607,384.90151055673,85342700
2022-12-05,382.35626220703125,387.4659522860306,380.9975210901338,386.5282369465547,77289800
2022-12-06,376.84466552734375,382.7389970887848,374.7491439436975,382.1936025622626,77972200
2022-12-07,376.20355224609375,378.576603761954,375.0648729769194,375.9930393761272,65927900
2022-12-08,379.1507263183594,380.2224176484129,376.3088170014075,378.09819110581316,60737900
2022-12-09,376.318359375,380.4711774858571,376.1939614285939,377.9067693033474,81447700
2022-12-12,381.74383544921875,381.74383544921875,376.4427600120724,377.11255243392947,75405800
2022-12-13,384.63360595703125,392.78613994486886,381.85868467865026,392.52779517391076,123782500
2022-12-14,382.1744384765625,388.01135996614795,379.21770929936065,384.289116133772,108111300
2022-12-15,372.8258056640625,378.2034182224786,371.16085878407677,377.29437871823495,117705900
2022-12-16,368.42413330078125,371.60591903070724,366.28053050111725,370.2601535058197,119858000
2022-12-19,365.3000183105469,368.9528439474984,363.6274261236804,368.6163952350112,79878100
2022-12-20,365.7999572753906,367.4244982092744,363.2141509053859,364.54070190091164,74427200
2022-12-21,371.26947021484375,372.4037561147818,367.86658317954374,368.40488934681895,78167400
2022-12-22,365.9729309082031,371.25026808589166,360.25339056526093,368.21266617846675,100120900
2022-12-23,368.0780944824219,368.22227840834165,363.3871151892416,364.9443602601523,59857300
2022-12-27,366.6265869140625,368.30880122283816,364.94437260528684,367.9627597889249,51638200
2022-12-28,362.0701904296875,368.5395164418001,361.8394961456738,366.559282940557,70911500
2022-12-29,368.58758544921875,369.46234043156596,364.3964532994833,364.92516683940227,66970900
2022-12-30,367.6167297363281,367.76091368309494,363.77166803325207,365.89608574575635,84022200
2023-01-03,366.06903076171875,371.4617146037878,363.19482778505363,369.48151058314164,74850700
2023-01-04,368.895263671875,370.9331418713664,365.2808959456855,368.33771324492255,85934100
2023-01-05,364.6848449707031,367.04954946455626,364.08886516079207,366.9342023188302,76970500
2023-01-06,373.0478210449219,374.172514342468,364.71366740381876,367.78969873225174,104189600
2023-01-09,372.8363952636719,378.4502111850601,372.6537818207894,375.24918087816104,73978100
2023-01-10,375.4510498046875,375.5183454272887,371.3079980261493,372.2500487360848,65358100
2023-01-11,380.19970703125,380.2766246965037,376.22008325144566,377.0371647656754,68881100
2023-01-12,381.58392333984375,383.05465829922656,377.21979933530525,381.3051774819789,90157700
2023-01-13,383.0642395019531,383.64100457532766,378.1041068077167,378.37325993055947,63903900
2023-01-17,382.3625183105469,384.7272522586673,381.68002810706065,383.0450378495243,62677300
2023-01-18,376.3257751464844,384.6215000897915,376.1239176301297,383.55450959642553,99632300
2023-01-19,373.586181640625,375.93164211812586,372.2596307570735,374.27826453413996,86958900
2023-01-20,380.5457458496094,380.6995518316875,373.3362554518386,374.9896330898137,91806400
2023-01-23,385.11175537109375,387.05350088541945,380.3919388167981,381.35320420051227,84178800
2023-01-24,384.6983947753906,385.61157923279035,382.23755789038205,383.4295175059516,59524900
2023-01-25,384.84259033203125,385.17903907302156,378.315590364586,380.6130286416279,84800300
2023-01-26,389.0721435546875,389.2355715689227,384.53497000924045,387.5148984088141,72287400
2023-01-27,389.96612548828125,392.35007414970727,387.8129004621486,388.02438001546454,68346200
2023-01-30,385.0732421875,389.43739462748607,384.7752523074501,387.19763017170663,74202000
2023-01-31,390.7351989746094,390.78325051393244,385.2463520169904,385.59242284079636,86811800
2023-02-01,394.88775634765625,397.6466122805927,386.7650825168854,389.5142870743959,101459200
2023-02-02,400.6361389160156,402.1068736088489,396.8872102220767,398.79049668604443,101654500
2023-02-03,396.37774658203125,400.818787510041,395.1665429342146,395.6471755772544,94736800
2023-02-06,393.9553527832031,395.35882127051354,392.2923825560251,393.91692329199503,60295300
2023-02-07,399.1076965332031,400.3573295458532,391.7828604799936,393.03249349264365,90990700
2023-02-08,394.74359130859375,398.47330538262435,394.0514791161398,397.1275398238218,76227500
2023-02-09,391.3215026855469,398.51177797014213,390.091084227083,398.3579719958979,78694900
2023-02-10,392.2347412109375,392.6192415030363,389.3221082284389,390.13916034833926,70769700
2023-02-13,396.83917236328125,396.9737635969899,392.42696780662374,392.8883857479932,64913500
2023-02-14,396.6565246582031,398.9731481995332,392.6864943036978,395.3107297793623,88389300
2023-02-15,397.9446105957031,398.02149891037635,393.6092948018598,394.45521294070613,61555700
2023-02-16,392.4654235839844,396.9160869350225,392.33086168681325,392.95567830940917,76431500
2023-02-17,391.48492431640625,391.72524064683955,388.3992415120903,390.33139419613065,89257800
2023-02-21,383.63140869140625,388.50503135725484,383.3718775916629,387.4476335398875,82655900
2023-02-22,383.10272216796875,385.59239604305503,381.6415799797693,384.0447434887899,83742300
2023-02-23,385.1405944824219,386.6209513962091,380.9014105944118,386.005727465885,96242400
2023-02-24,381.0263977050781,381.86269393959924,378.3925398013232,380.103591101692,108194400
2023-02-27,382.3240966796875,385.74619914411034,381.38204603041686,384.3811893735747,80444700
2023-02-28,380.91107177734375,383.81408299120295,380.8053173191746,381.8435004744053,96438600
2023-03-01,379.4499206542969,381.324400047159,378.1426137015987,380.09398142412203,99706800
2023-03-02,382.4009094238281,383.24682749916593,377.1331655318064,377.4696142211548,85127800
2023-03-03,388.5338134765625,388.7837518351791,383.57368114205974,384.2273344879158,90120000
2023-03-06,388.802978515625,391.66755968109305,388.3608046899115,389.36049948409084,72795900
2023-03-07,382.8431091308594,388.99523033703184,382.22791461153497,388.75491401914974,108310600
2023-03-08,383.468017578125,384.22739614495305,381.22825270223365,382.9585480745283,74746600
2023-03-09,376.39300537109375,385.9287692148654,375.40290337271455,384.25614779204574,111945300
2023-03-10,370.96197509765625,377.93115001910456,369.43356646272906,375.84519096258424,189253000
2023-03-13,370.4331970214844,375.2683898395796,365.9056454879313,367.0207168016272,157790000
2023-03-14,376.5564880371094,378.20986562096294,372.05774388118834,375.3741210898015,149752400
2023-03-15,374.20135498046875,374.4032124796235,368.8471002165206,370.94268086644354,172996900
2023-03-16,380.76678466796875,381.11285543111916,371.3271816979503,371.83665113455567,143254200
2023-03-17,376.31463623046875,380.56999909987053,374.925128785462,379.43138394137793,140553400
2023-03-20,379.9331359863281,380.3480800216105,376.39184439630725,377.09622742972954,93055800
2023-03-21,384.9217529296875,385.40421983875973,381.70850682469836,383.3103004965113,91524200
2023-03-22,378.3602600097656,388.376279731483,378.3216838515816,384.7481478831017,111746600
2023-03-23,379.38311767578125,385.28850910550153,376.6619967001418,381.23577448444496,119351300
2023-03-24,381.87261962890625,381.95946015274023,375.7452830138486,378.0997242626186,107682400
2023-03-27,382.5867004394531,384.9315126123636,381.6893188206897,384.15954768698845,74010400
2023-03-28,381.7279052734375,382.5866812409754,379.8848777563681,381.89192756672645,62871700
2023-03-29,387.27618408203125,387.51741753051294,384.6997978953719,385.9059651377804,77497900
2023-03-30,389.54388427734375,390.1710855147399,387.67190988130295,389.92019324080144,69840000
2023-03-31,395.03436279296875,395.3334899911043,390.3640561017006,390.4702141593181,112062600
2023-04-03,396.5396728515625,396.94492867550616,394.117678882102,394.5133053894906,67391100
2023-04-04,394.339599609375,397.47563517993467,392.95972157826725,397.18613730495184,66601500
2023-04-05,393.30712890625,394.36856226217395,391.6474411444736,393.60625610917623,65200200
2023-04-06,394.84130859375,395.12114767265496,391.4543811498551,392.5061555770095,63743300
2023-04-10,395.2466125488281,395.32382376153726,391.73426800425153,392.3518104686767,63681000
2023-04-11,395.352783203125,396.76157868174016,394.5808477361319,395.87385583944314,59297900
2023-04-12,393.7413635253906,397.71691691277425,393.15276783554935,397.4274190026867,86420400
2023-04-13,398.97125244140625,399.3282733011196,393.68340364910426,394.83167743693525,85814800
2023-04-14,397.99664306640625,400.53442403011854,395.6808075090933,398.33437583355425,78161500
2023-04-17,399.4248046875,399.4440927674988,396.6747367439795,397.90985115526007,66436400
2023-04-18,399.68524169921875,401.14230123566756,398.30539336132625,401.007196361916,63560000
2023-04-19,399.6177978515625,400.52480875839643,397.70721784941026,397.76511153607095,55227300
2023-04-20,397.4370422363281,399.19322927918245,395.8834830992031,396.79052346430586,75840400
2023-04-21,397.7458190917969,398.2089685800001,395.7870041880718,397.73616032830944,73457400
2023-04-24,398.16070556640625,398.58527886560444,396.2018908008796,397.54313369577346,64332100
2023-04-25,391.8404235839844,396.7423052676906,391.78252989419235,396.18262700309856,97766700
2023-04-26,390.1806945800781,393.5386754708215,389.6210458220118,392.4579541121772,80447000
2023-04-27,397.948486328125,398.2186667054327,392.4772968783276,392.7281891742036,92968400
2023-04-28,401.344970703125,401.35462946580685,397.0027679286983,397.06066160989485,89433100
2023-05-01,400.9397277832031,402.9757243479049,400.7081236035476,400.90112217868585,62122300
2023-05-02,396.4334411621094,400.27388869700667,393.5193513762233,400.2256243333907,103998500
2023-05-03,393.7123718261719,399.3572417840884,393.4711383189741,396.9352479486394,91531800
2023-05-04,390.9237060546875,392.9886494487858,389.5824336944863,392.66057543093643,94901900
2023-05-05,398.16070556640625,399.2124800515957,394.31062848009987,394.57115004883383,87891800
2023-05-08,398.2668762207031,398.74934325278616,396.8580807323069,398.48882165654356,50046800
2023-05-09,396.52032470703125,397.6396516896296,396.2887499683726,396.7133232875461,49220100
2023-05-10,398.3730773925781,400.00381849329443,394.5326288004997,399.3669584083294,96142900
2023-05-11,397.67828369140625,397.96775213394324,395.59402256278725,397.50460262588405,70157100
2023-05-12,397.1572265625,399.13535915528234,394.72560320784424,398.92307247331183,70481500
2023-05-15,398.5274658203125,398.9327216758967,395.8449500403064,397.7651595905851,54289400
2023-05-16,395.8641357421875,398.34402295304176,395.85447697992515,397.41766519923533,57705500
2023-05-17,400.6695556640625,401.2774393485742,396.24051213507045,397.8905410307854,87287000
2023-05-18,404.52923583984375,404.95380909730443,400.1291397602011,400.35105570334326,97177200
2023-05-19,403.9407043457031,405.9670718257059,402.715248651571,405.43636985479037,103793300
2023-05-22,404.104736328125,405.6486366872359,402.7152289496702,403.96000211108804,60745400
2023-05-23,399.56951904296875,404.0371682026997,399.1738925667831,402.45466229795704,86383500
2023-05-24,396.67474365234375,398.3440901959979,395.5071816719006,397.9581224571478,89213700
2023-05-25,400.10992431640625,401.56698425113296,397.948481325118,400.1967648529363,90961600
2023-05-26,405.2915954589844,406.015296007875,400.6888705691221,400.7660523374588,93830000
2023-05-30,405.44598388671875,407.76181972765335,404.05647649266785,407.23111777674455,72216000
2023-05-31,403.19769287109375,404.5196477889496,401.6248456806696,403.6126074392259,110811800
2023-06-01,407.0284729003906,408.0899062054044,402.17485598730195,403.4292584266687,88865000
2023-06-02,412.9145812988281,413.70580481996393,409.0837920383036,409.6144939735416,91426200
2023-06-05,412.12335205078125,414.5549753347994,411.41893957028475,413.2619671994321,65460200
2023-06-06,413.0207214355469,413.55142338559835,411.0522477225799,411.70842525853584,64022200
2023-06-07,411.5926208496094,414.55497554838854,411.16804749778333,413.416360399151,85373300
2023-06-08,414.0821228027344,414.53564295041497,410.88819369048633,411.6601290941159,61952800
2023-06-09,414.8251647949219,416.84187353554825,413.8312838471978,414.88305848527847,85742800
2023-06-12,418.58837890625,418.6655901207844,415.08569304232174,415.80939357946767,76104300
2023-06-13,421.3480529785156,421.9945422203873,419.38923828050775,420.0550450473256,95899700
2023-06-14,421.8498229980469,423.66390356059924,418.38571360357616,421.6858007148604,100612100
2023-06-15,427.0798034667969,428.33420591477267,420.9331784663069,421.0296483104209,110303100
2023-06-16,425.6250915527344,429.64443703691825,425.15052699072436,429.0730147226843,114165800
2023-06-20,423.41680908203125,424.56934818487565,421.3345007183217,423.6783279306225,76160400
2023-06-21,421.24737548828125,423.2328262923549,420.65656392245774,422.4289690630937,76982300
2023-06-22,422.7679443359375,422.874467164617,419.9495524578209,420.2885397836048,70637200
2023-06-23,419.5718078613281,421.3635726421897,418.85511377171673,419.3006239174076,92074500
2023-06-26,417.8575744628906,420.92776119205604,417.6154448665978,419.00041906375236,72823600
2023-06-27,422.43865966796875,423.0584960393973,418.2837076907825,418.7389124953398,72813700
2023-06-28,422.6517639160156,423.6686964256791,420.73408682017543,421.35392323417744,75636000
2023-06-29,424.31756591796875,424.48222704472147,421.8284961877175,422.23525734843753,67882300
2023-06-30,429.3248596191406,430.3127378029379,427.2231615664442,427.5427892084747,104964000
2023-07-03,429.81878662109375,430.09963567460966,428.6953017365227,428.9761803468744,32793400
2023-07-05,429.1795349121094,429.9156183055728,427.98824671850423,427.99794136005,58418400
2023-07-06,425.81878662109375,426.2449370649579,423.3006329683059,425.5863516723805,80658300
2023-07-07,424.74371337890625,428.7049794666193,424.5015837898049,424.82121139924607,86134200
2023-07-10,425.81878662109375,425.9931128326287,423.8139465179375,424.3853688047475,62443500
2023-07-11,428.5306701660156,429.0246240395303,425.6057550529749,426.58396815720187,64463800
2023-07-12,431.97857666015625,433.3926348395561,430.90353539722554,432.33695330463644,91924500
2023-07-13,435.4071044921875,436.20129662814134,433.3635449730267,433.7993604938544,72425200
2023-07-14,435.1358947753906,437.15039980722537,434.37075705279267,436.29812854245495,69815800
2023-07-17,436.646728515625,437.70240977483,434.94212707707,434.9905707197006,52680200
2023-07-18,439.891357421875,440.5402481729128,435.88167721390397,436.3175222997564,80668200
2023-07-19,440.86956787109375,442.0608265336728,439.8138568520883,440.6855470187412,65891700
2023-07-20,437.94464111328125,440.7727278339868,437.2279469585864,439.87201281954555,70591600
2023-07-21,437.94464111328125,439.87201281954555,437.93497602797174,439.6686026755085,71275600
2023-07-24,439.9010314941406,440.7145833337671,438.0608230459974,439.09714473903944,54023400
2023-07-25,441.1020202636719,442.36108235466685,439.5814392896044,439.6298829434647,55191200
2023-07-26,441.1697998046875,442.60318803571505,439.10685100534744,440.16253245222157,71052900
2023-07-27,438.2448425292969,444.97605663564536,437.33443294941236,444.5692659386792,92194400
2023-07-28,442.5354309082031,443.3683425271831,438.2448720243851,441.5281635177411,80011800
2023-07-31,443.3780517578125,443.73639884087777,441.69280962360494,443.0100100324472,62040400
2023-08-01,442.1092529296875,442.8550013949116,441.1503996951611,441.9058428017626,55291500
2023-08-02,435.9591369628906,439.24239855393273,435.2036938887438,438.9809092594777,93933400
2023-08-03,434.7098388671875,436.59846176003117,433.2861154936017,433.93503589193,64276100
2023-08-04,432.7436828613281,438.6419560832141,432.2206746748888,436.53059316769526,100128900
2023-08-07,436.5209655761719,436.6759320832471,433.8865940695707,434.5839285729898,58357500
2023-08-08,434.6226501464844,436.511272928073,431.25219533329926,433.97372978638265,71361300
2023-08-09,431.71710205078125,435.0585025489514,430.9519641941149,434.89384140631273,78789600
2023-08-10,431.8719787597656,437.4797077337631,430.7000799467868,434.0801991995361,93005500
2023-08-11,431.62017822265625,432.63714018056567,429.3925979360924,429.99307455820093,68690900
2023-08-14,434.0027770996094,434.0027770996094,430.390222291899,430.70015528143995,47867400
2023-08-15,428.9471130371094,432.57905690734094,428.3756611915116,432.22068028440344,75707500
2023-08-16,425.7994384765625,430.19649067911223,425.6928860842807,428.5306378687395,80107200
2023-08-17,422.5549011230469,427.5330703308015,422.0318929109953,427.2715810031936,95711300
2023-08-18,422.7582702636719,423.79459201752337,419.3781505964978,419.7268030238674,98852000
2023-08-21,425.5088806152344,426.25462916083586,421.6154471933943,423.77522436133023,68719000
2023-08-22,424.3563232421875,427.29093275792906,423.79459558552884,427.29093275792906,64994200
2023-08-23,429.08270263671875,429.7025685957629,425.27643244437724,425.42170429201707,68441000
2023-08-24,423.135986328125,431.2037309919438,423.1069024037369,430.6904174605944,88517300
2023-08-25,426.11907958984375,427.407196171584,421.30554153077037,424.8696824666308,102325100
2023-08-28,428.8212585449219,429.44109501251336,426.1190836664413,428.3176100108625,61595400
2023-08-29,435.0196838378906,435.300562421232,428.5305993952666,428.71462023709375,83081900
2023-08-30,436.8114929199219,437.4507186105633,434.65168624806546,435.35871532032854,69053900
2023-08-31,436.17230224609375,438.5742091538765,435.98828137082484,437.4313644440871,66084600
2023-09-01,436.98577880859375,439.3877148587065,435.52330670178793,438.9034557035346,58944100
2023-09-05,435.09716796875,436.85987843456763,435.0293941483985,436.5402803885754,55166200
2023-09-06,432.1722412109375,434.39015641541886,429.83810853841925,434.2836040318296,70758500
2023-09-07,430.8453674316406,431.52331250087747,428.81147311026496,429.1601255075583,70355400
2023-09-08,431.4942932128906,433.0342338731247,430.53546948555345,430.89381655306994,61659700
2023-09-11,434.33209228515625,434.6419957128025,432.41441519511204,434.1286821383693,60180100
2023-09-12,431.9494934082031,434.4095383156122,431.36840603835697,432.87929231362625,67565400
2023-09-13,432.453125,433.61532925118615,431.0681213376737,432.17224641097573,60199300
2023-09-14,436.1819763183594,436.8793108187874,433.6251028546824,434.9326087375899,83430800
2023-09-15,430.9266662597656,434.9213331435618,430.48931345860746,434.5908789178783,111848900
2023-09-18,431.1793518066406,432.48174061270794,430.1393746648626,430.61561312782504,55752200
2023-09-19,430.28521728515625,430.8489560404354,427.59296875309155,430.2560604296138,66514600
2023-09-20,426.3294677734375,431.9666773901904,426.125340122441,431.54875257145443,82562600
2023-09-21,419.28289794921875,423.7343455427682,419.12738484772433,423.47193386836017,104095800
2023-09-22,418.340087890625,421.9167999657982,417.9221334858743,420.3131138681717,100829700
2023-09-25,420.0993347167969,420.13819074776075,416.68783452035365,417.12521698798207,70874500
2023-09-26,413.92755126953125,417.7569763279254,413.09167201085535,417.04745332495224,96168400
2023-09-27,414.0927429199219,415.667301957409,410.4382888305996,415.1035632540751,104705800
2023-09-28,416.49346923828125,418.1749270371919,412.9459133257919,413.5388089482658,92258300
2023-09-29,415.4826354980469,419.72998517929483,413.9566909765415,419.55504406068815,115111300
2023-10-02,415.3174133300781,416.5712173953041,412.54739350922256,414.6467760157312,83798600
2023-10-03,409.7579345703125,415.37571578475433,408.3875031242602,413.13054906663035,103760600
2023-10-04,412.7417907714844,413.49016980797626,408.7568525933047,410.2244834730011,87453000
2023-10-05,412.5863037109375,413.43188220244974,409.3497740259949,412.4502186078416,70142700
2023-10-06,417.4848327636719,419.0302053529861,408.795734309722,410.12728008196234,113273300
2023-10-09,420.1576843261719,420.7311222733579,415.0258699966629,415.57985026561204,80374400
2023-10-10,422.34454345703125,424.94932152317796,420.39094507687355,420.78944189209005,78607300
2023-10-11,424.07452392578125,424.32720675947064,421.02263495712657,423.4136154975306,62451700
2023-10-12,421.48919677734375,425.06590928014145,419.12740262422676,424.68687017880916,81154200
2023-10-13,419.3898010253906,424.20088940216954,417.8152716398533,422.9956702679193,95143100
2023-10-16,423.8023986816406,424.8715327429623,421.4017188780287,421.64470254373396,75433200
2023-10-17,423.78289794921875,425.84342414036877,420.31311409790493,420.6629963036486,75324700
2023-10-18,418.1360168457031,422.9665334664685,417.04745473303933,422.0043276099341,93559800
2023-10-19,414.46209716796875,420.6727739909263,413.78176069076767,418.85526089082725,121323000
2023-10-20,409.3691711425781,414.56902762423476,409.2622429037748,414.02474657512494,123919900
2023-10-23,408.65966796875,412.5377077081286,406.0743180295289,407.83351751664156,92035100
2023-10-24,411.74066162109375,412.8972661743781,408.93175637423457,410.78815502983304,78564200
2023-10-25,405.831298828125,410.0786781386675,405.31617465313394,410.0495212857847,94223200
2023-10-26,400.97161865234375,405.61746498467414,400.04829855300767,404.76218742791497,115156800
2023-10-27,399.15411376953125,402.9641106372074,397.72536865178915,402.5656138725483,107367700
2023-10-30,403.9263000488281,404.98570521187486,400.6508851667013,401.9532739816695,86562700
2023-10-31,406.46307373046875,406.7837991071731,402.58503439104294,404.4997467967024,79665200
2023-11-01,410.79791259765625,411.6143341639396,406.9004450659712,407.4350269329694,98068100
2023-11-02,418.67059326171875,418.8261063702263,414.58845573140115,414.60788374705487,94938900
2023-11-03,422.4902648925781,424.0453662261893,420.8574218397773,420.98377808691504,100167800
2023-11-06,423.4621887207031,423.9092703320981,421.5085906809684,423.24836192202025,67831700
2023-11-07,424.6673583984375,425.3088387646738,422.3152933833265,423.462169040648,64256100
2023-11-08,424.9784240722656,425.7948456157836,422.66521486841896,425.2699926017036,61746000
2023-11-09,421.6641540527344,426.1642165380997,421.23650040437826,426.1253308443145,83174400
2023-11-10,428.244140625,428.555166852525,421.6544244424177,423.74410780896307,89462200
2023-11-13,427.8359069824219,428.9438970364139,426.11559336599885,426.90285804309843,52236100
2023-11-14,436.13629150390625,437.4289516718833,433.5703695238838,433.7939251946129,97176900
2023-11-15,437.0595703125,438.71187109713105,436.20426306686005,437.47749509718125,77327600
2023-11-16,437.5941467285156,437.9148721110953,435.54334919989805,436.6124832436495,66665800
2023-11-17,438.138427734375,438.7507513076313,436.68052576418063,437.6038458819822,83133200
2023-11-20,441.5110168457031,442.3565951941878,437.87596130543926,437.885690142899,69936200
2023-11-21,440.5487976074219,441.3846768102291,439.27556561921335,440.4613270503416,49244600
2023-11-22,442.24969482421875,443.57154137515226,441.15143358240533,442.2108387941116,59394900
2023-11-24,442.5218811035156,442.7162799185215,441.96790083682896,442.2983550934631,29737400
2023-11-27,441.724853515625,442.70648730503876,441.3360559416218,441.8900657895949,50506000
2023-11-28,442.1622314453125,443.4646203412509,440.7723719885752,441.3360810451993,62115000
2023-11-29,441.8511657714844,445.45706442412455,441.45269869490653,444.31988791311386,63146000
2023-11-30,443.5909423828125,443.9408542601143,440.6168249006515,442.69677916732206,79752700
2023-12-01,446.2152404785156,446.7497927155819,442.3858152693998,442.978681217379,89183400
2023-12-04,443.8728332519531,446.2346273092226,441.5887809150275,442.81342805335595,72430900
2023-12-05,443.7853698730469,444.74757569096187,442.1039122401313,442.482980993305,69793500
2023-12-06,441.9970703125,445.96255116642374,441.5596877967964,445.93339430944985,69124700
2023-12-07,445.3696594238281,446.0208390789402,443.48410368567227,444.0866984690036,66995400
2023-12-08,447.2843322753906,447.81888446185815,444.3782275382068,444.6212111977086,83194400
2023-12-11,449.0240783691406,449.1990491481444,446.5748137350945,446.78864054401777,65002200
2023-12-12,451.07489013671875,451.17208953676845,447.6731187626275,448.67421029484495,68327600
2023-12-13,457.2952575683594,457.54797007152996,451.0943096912645,451.45392076971996,93278000
2023-12-14,458.76287841796875,460.4346071833905,456.0803293229431,459.2391168995005,119026000
2023-12-15,458.007568359375,459.344542615275,456.1534111366882,458.16371199031266,141553700
2023-12-18,460.5838928222656,461.5695364615582,458.5540851861991,459.61778575015273,70375300
2023-12-19,463.3846740722656,463.4627607822804,461.05234733892934,461.1304042675902,55761800
2023-12-20,456.9634094238281,464.4190817502539,456.5340218793302,462.52588115351864,102921000
2023-12-21,461.2962341308594,461.5694780045962,457.5293402486141,459.95926004653603,86667500
2023-12-22,462.2233581542969,463.9116332478234,460.3204190717401,462.42828364105014,67160400
2023-12-26,464.1750793457031,465.0826362249441,462.5551227779302,462.6332094792943,55387000
2023-12-27,465.0143127441406,465.16068807154204,463.4333996455085,463.9701191064298,68000300
2023-12-28,465.1899719238281,466.02921033768064,464.77035271690187,465.3753906024884,77158100
2023-12-29,463.8432922363281,465.52179896448314,461.88177332887085,464.9948179571429,122283100
2024-01-02,461.24749755859375,462.24290951739084,459.13960314046,460.76932814707965,123623700
2024-01-03,457.4805908203125,459.82268558708614,456.8755528985423,459.08101082809003,103585900
2024-01-04,456.0069580078125,459.5981715627642,455.7824959926227,457.0023399812352,84232200
2024-01-05,456.6315612792969,459.09075619444957,455.1774869016725,456.21191228687286,86118900
2024-01-08,463.150390625,463.2967659533917,457.00235880041123,457.1292273454669,74879100
2024-01-09,462.4477844238281,463.4724415596584,459.97882114615163,460.4862655726299,65931400
2024-01-10,465.0631408691406,465.9316842003945,462.4380338715852,462.7210460536215,67310600
2024-01-11,464.858154296875,466.5854426677761,460.8668283299354,466.06823000656743,77940700
2024-01-12,465.1802062988281,467.053899879707,463.76520505733885,466.31222516082903,58026400
2024-01-16,463.4723815917969,465.1118447095382,461.6474998115477,463.7944370714564,85014900
2024-01-17,460.89617919921875,461.3841168761338,458.53454773915473,460.43751659166446,68843900
2024-01-18,464.99481201171875,465.5510680800572,461.02302217587135,462.5746603285912,91856200
2024-01-19,470.79150390625,471.07451607606174,465.04361399672933,466.12682126184484,110834500
2024-01-22,471.7869567871094,473.5142454606471,471.13310718922804,472.3334446086135,75844900
2024-01-23,473.1628723144531,473.4068411336017,471.2404266096584,472.333402154428,49945300
2024-01-24,473.68017578125,476.97860962443474,473.1824697960818,476.0417775770774,81765000
2024-01-25,476.2563781738281,476.52962204173497,473.68008310232767,475.8172224162091,72525000
2024-01-26,475.6513671875,477.3201055543282,474.8023604707163,475.8270175879346,76641600
2024-01-29,479.418212890625,479.5646180000114,475.4171482779632,475.963636023537,61322800
2024-01-30,479.04742431640625,479.7597942015554,478.2862130177268,478.72536880060346,58618400
2024-01-31,471.23065185546875,477.28106061845324,471.21111529014115,476.8321663361625,126011100
2024-02-01,477.398193359375,477.427468426182,472.12844308332853,472.93843623390336,91891600
2024-02-02,482.4239501953125,484.08292030102734,477.49576216688445,477.8373244708508,99228200
2024-02-05,480.6673583984375,482.45322684265506,478.4033503772612,481.7896387981956,75757100
2024-02-06,482.0628967285156,482.3946907604105,480.17943474492984,481.6139726429951,55918600
2024-02-07,486.08349609375,486.5031153279947,483.40957750278733,484.3171641716027,70556500
2024-02-08,486.29815673828125,486.6787325955751,485.263731366402,486.08346299422993,52343600
2024-02-09,489.1086730957031,489.5477990767194,486.4640298019624,486.8055920858739,63979400
2024-02-12,488.8940124511719,491.3532074553824,488.171844486811,489.0794311383801,56502300
2024-02-13,482.16046142578125,485.097855647228,478.8815346699486,482.59961722906473,113099200
2024-02-14,486.5421447753906,487.0300824146668,482.4727317600331,484.8050879708214,68387800
2024-02-15,489.899169921875,490.08458861177627,486.7665887596598,487.2447879089923,61683000
2024-02-16,487.45947265625,490.73839931554534,486.71779791035453,489.5966419107854,75532900
2024-02-20,484.7758483886719,486.386036759877,482.5215787127143,485.712680385879,71736700
2024-02-21,485.2149353027344,485.3710789199038,481.6529965187708,483.4681400096849,59293400
2024-02-22,495.2567138671875,496.22282088243315,490.88478180969435,491.85091860629063,76402500
2024-02-23,495.5982360839844,497.8232303927623,494.8663296695002,496.9839622178527,61321800
2024-02-26,493.78314208984375,496.47656749463823,493.65627353362504,496.0374116894735,50386700
2024-02-27,494.700439453125,494.92490148468676,492.5730385293385,494.47600720291285,48854500
2024-02-28,494.04669189453125,494.6321933122457,492.7780359996575,493.13910513436605,56506600
2024-02-29,495.82269287109375,497.4426493891131,493.15857245054144,495.8129543697353,83924800
2024-03-01,500.4776611328125,500.9070486793677,496.29117722592895,496.7010579863145,76844800
2024-03-04,499.94091796875,501.79510491460894,499.64816728327304,499.6774721331723,49799300
2024-03-05,494.94439697265625,498.3794968768046,492.72917089960293,497.9305728239268,72855600
2024-03-06,497.4524230957031,499.7164608888025,496.1545220794044,498.23311140577533,68382400
2024-03-07,502.39031982421875,503.44428173979026,497.51094372229056,500.76062488372975,58652100
2024-03-08,499.3749084472656,505.7180680999103,498.7991455954804,503.0247023113752,86532500
2024-03-11,498.9455261230469,499.53105726392937,496.2325939589306,498.1648377894375,62557200
2024-03-12,504.3128356933594,504.89833701294907,498.53561138081784,501.063154462892,73114400
2024-03-13,503.5223693847656,504.8105319780075,502.078092945087,504.6348815647523,55104100
2024-03-14,502.5270080566406,504.6544091071824,499.4725135393552,504.4982357008347,110171800
2024-03-15,499.07635498046875,500.90693694327877,497.4024316630392,499.44834457853835,107646300
2024-03-18,502.04241943359375,504.60715196314635,501.63129506757195,503.15838817484575,88893300
2024-03-19,504.8323669433594,505.11622858588777,500.3391555977347,501.3474589189953,60755300
2024-03-20,509.5016784667969,509.63873983527566,504.21561462485215,504.89106308633967,69594600
2024-03-21,511.18548583984375,513.0551727931278,510.90156443882734,512.350388103231,60256100
2024-03-22,510.2163391113281,511.58677360023546,509.9813511510512,511.09731990824747,79070800
2024-03-25,508.80670166015625,509.96180518438194,508.65004302256665,508.8360378123517,48512100
2024-03-26,507.8669128417969,510.5785052830904,507.46558712286134,510.23585186667015,65463700
2024-03-27,512.135009765625,512.1742043034125,508.5326374076675,510.70584308288664,82999800
2024-03-28,512.0370483398438,513.5445440719409,511.7531867321709,512.1741097012416,96294900
2024-04-01,511.1462707519531,513.3194762872985,509.98136853540166,512.781089157312,62477500
2024-04-02,507.89630126953125,508.03330288632185,505.58603458115783,507.3089210276351,74230300
2024-04-03,508.4543151855469,509.9618709649284,506.7510257055767,506.79995913072383,59155800
2024-04-04,502.248046875,512.8202352661735,501.94458795883435,512.4776415616462,96858100
2024-04-05,507.49493408203125,509.4625474298725,503.1681802920817,503.6087005524252,74546500
2024-04-08,507.77880859375,509.2080348808952,506.9663584849502,508.1997913461109,48401800
2024-04-09,508.3662109375,509.76604138501335,503.5010099681644,509.5213145288516,68049200
2024-04-10,503.2757873535156,505.27273662148036,501.288636717629,502.6492723780832,82652800
2024-04-11,507.0740051269531,508.52276887946033,501.2788903691615,504.8029329149541,70099000
2024-04-12,500.0748291015625,504.93999985889445,498.3421439610696,503.52057224224995,92561100
2024-04-15,493.8098449707031,504.43096625601453,492.95817044710765,504.26456872904316,92101400
2024-04-16,492.90924072265625,495.81659688850766,491.6170757880816,494.2895037381496,73484000
2024-04-17,489.9920654296875,495.5424832864925,488.5922350793865,495.3760558913513,75910300
2024-04-18,488.9837951660156,493.49657364344756,488.0440524623093,491.39192878796825,74548100
2024-04-19,484.7157897949219,489.90398704424035,483.44319225577453,488.9055122549044,102212600
2024-04-22,489.1795959472656,491.78349315664354,484.98007493251976,487.3294466640699,67961000
2024-04-23,494.9844665527344,495.41518815140995,488.9935587015488,491.196100110007,64633600
2024-04-24,494.7495422363281,496.6681921802562,492.51763478656846,495.87527965691265,55928100
2024-04-25,492.87005615234375,493.6336026966789,486.99661200395565,488.6509678289955,69122400
2024-04-26,497.5394592285156,499.1252843555603,495.03345880263834,495.66974260530816,64306100
2024-04-29,499.301513671875,499.9769621780909,496.5507862258181,499.3308796993677,46415400
2024-04-30,491.3919372558594,498.8120420500729,491.3919372558594,497.83313467029427,77483600
2024-05-01,489.7962646484375,497.47089415641,489.32637839836104,490.8045379541996,80242800
2024-05-02,494.3775939941406,495.2194698771777,489.0131707855575,493.516150718059,62550200
2024-05-03,500.50555419921875,501.73895716286734,497.83312634252997,500.37829146215523,72756700
2024-05-06,505.67413330078125,505.7132680822078,502.47308742336617,502.91360764238556,47264700
2024-05-07,506.232177734375,507.6320081205366,505.55672925106126,506.64330210533313,52561300
2024-05-08,506.281005859375,506.8193928578092,504.2742580937098,504.3917221752681,42047200
2024-05-09,509.1982421875,509.23743672181314,505.8112608442941,506.4671120686162,43643700
2024-05-10,509.8541259765625,511.616147241505,508.6304917998298,510.803637418781,52233200
2024-05-13,509.9226379394531,511.6455245585536,508.77733298725667,511.5378590818016,36716400
2024-05-14,512.2622680664062,512.7811177054134,509.580071153197,510.1184583131571,57535900
2024-05-15,518.6055908203125,518.8992510906287,514.1025809336553,514.7388946424787,59504900
2024-05-16,517.5385131835938,520.3088376274046,517.3916531865508,518.7034152838155,50244800
2024-05-17,518.282470703125,518.3510013823711,516.1973934194888,517.6559557052394,59187600
2024-05-20,518.8795776367188,520.3479385204677,518.008335839566,518.3999226410019,37764200
2024-05-21,520.1522827148438,520.3089413759618,517.9106060151925,518.1161981024949,33437000
2024-05-22,518.6544799804688,520.1717743707599,516.471476037249,519.457191149343,48390000
2024-05-23,514.8661499023438,521.8261670726438,513.6522545564001,521.7185015997201,57211200
2024-05-24,518.2727661132812,519.0852760314796,515.7667654147743,516.7162769685657,41291100
2024-05-28,518.6348876953125,519.3201347726647,515.9918259671035,519.0852065742038,36269600
2024-05-29,515.0032348632812,516.1877345004074,514.288651475638,514.5921104242868,45190300
2024-05-30,511.5867614746094,514.1221578280299,510.33379112165585,513.4565079924353,46377600
2024-05-31,516.2462768554688,516.3735395692113,507.42631356783096,512.5460387687143,90785800
2024-06-03,516.6672973632812,518.1454570499837,511.5769670953754,517.8615954221938,46835700
2024-06-04,517.2448120117188,517.9887910753831,513.8871673409229,515.3555282041269,34632700
2024-06-05,523.3923950195312,523.411992286524,517.577682760377,519.5746920651516,47610400
2024-06-06,523.3826293945312,524.1266086139946,521.4444117684961,523.6958869473458,30808500
2024-06-07,522.746337890625,525.5655959158784,521.3073129777647,522.4036844600561,43224500
2024-06-10,524.3615112304688,524.6845674016187,521.3367208253204,521.9338399994415,35686100
2024-06-11,525.6243286132812,525.6830606660559,520.8276585615498,522.80507058457,36383400
2024-06-12,529.9412841796875,532.6430781044711,528.9036447482033,530.2056082912144,63251300
2024-06-13,531.00830078125,531.869744023919,528.2086401164571,531.6935478717044,44760900
2024-06-14,531.3313598632812,531.3606960149307,528.463108751092,529.4714120000464,40089900
2024-06-17,535.5601806640625,536.9600707352853,530.1859889386527,530.6461064563005,55839500
2024-06-18,536.9208984375,537.0481611765176,535.1980118918142,535.618934894809,41376400
2024-06-20,535.4623413085938,538.5165275797466,533.6807226924603,537.8508777255481,70328200
2024-06-21,534.7445068359375,535.8640759164524,533.2812387990208,534.636494014271,64338600
2024-06-24,533.0061645507812,537.1406814551851,532.8883214982557,534.5676749075179,45528700
2024-06-25,535.0587158203125,535.4220752279302,532.7115650972021,534.2337544994542,37936200
2024-06-26,535.7265625,536.4434511367156,533.291059231854,533.9391960904497,38550600
2024-06-27,536.5711059570312,537.1505509580609,534.8426611396433,535.589040487199,35041500
2024-06-28,534.4595947265625,540.4109684989184,533.2124124479245,537.3468693543182,76144500
2024-07-01,535.5595703125,536.08986404863,532.7901386983468,535.8443476992247,40297800
2024-07-02,539.1637573242188,539.1637573242188,533.8999009464727,533.9489922304165,40434800
2024-07-03,541.56982421875,541.9331836330194,538.8102227549504,538.8494837936086,32789900
2024-07-05,544.6928100585938,545.0954305299725,541.2359204016998,541.874286937383,41488400
2024-07-08,545.3212890625,546.273863702814,544.2508114321598,545.4783931483458,36110500
2024-07-09,545.8516845703125,547.1872793408481,545.557076891595,546.2837958126063,27289700
2024-07-10,551.2529296875,551.5966285839402,546.7845443312167,547.0791519482386,38701200
2024-07-11,546.4996948242188,552.244812960266,545.8613883249984,551.370760432176,53054200
2024-07-12,549.9468994140625,553.5608935875393,547.1578667089082,547.6292390105057,53084400
2024-07-15,551.459228515625,554.7098626844446,549.5932802263559,551.9502612295888,40584300
2024-07-16,554.7293701171875,555.0239777080099,552.0188604006079,552.7750698341409,36475300
2024-07-17,546.9514770507812,550.4574575343235,546.627378702753,548.7781042114635,57119000
2024-07-18,542.748291015625,549.4853058775749,540.5583041390183,548.4934101354552,56270400
2024-07-19,539.1441040039062,544.1428435386215,538.0834565302354,542.5125813182824,65509100
2024-07-22,544.7025756835938,545.3114514113106,541.1376736329704,543.0821438640331,43346700
2024-07-23,543.8482055664062,546.7550807862475,543.3571728667828,544.5945249198012,34439600
2024-07-24,531.5232543945312,539.3208563195052,530.6001104911534,539.0164184333124,74515300
2024-07-25,528.7537841796875,537.6415236413737,527.8110397958803,531.6410587361225,61158300
2024-07-26,534.6756591796875,537.3763388802067,531.7785544219373,532.5544244069231,53763800
2024-07-29,534.989990234375,537.2388985619386,532.9865383315928,536.2274023059714,39515800
2024-07-30,532.2796020507812,537.5238591902082,528.8620326429385,536.4632114655033,46853600
2024-07-31,540.931396484375,543.5731545926626,537.7593446818978,539.1342001655225,65663400
2024-08-01,533.2713012695312,544.9185816284977,529.7554906256498,542.6598433710025,76428700
2024-08-02,523.3427734375,527.3593881074288,519.1198434759149,526.1416363743401,82789100
2024-08-05,508.1010437011719,514.189861675624,501.1185425419697,502.46399742687476,146267400
2024-08-06,512.7854614257812,520.2491343271334,508.58219283381527,509.90795711875484,84826300
2024-08-07,509.3580322265625,522.0561910508441,508.7589866968387,518.9920917478671,70698300
2024-08-08,521.133056640625,521.7615329757872,512.4810623968182,514.513885136989,63276600
2024-08-09,523.4309692382812,524.923727659792,519.0804271971765,520.3080088094694,45619600
2024-08-12,523.7061157226562,526.1219586169184,521.4277164507776,524.6292597384992,42542100
2024-08-13,532.3187866210938,532.5545327020171,526.6621394299374,526.9076558162741,52333100
2024-08-14,533.9979858398438,535.186306384617,530.4330841460311,533.1141031284579,42446900
2024-08-15,543.1509399414062,543.4357173403401,539.036083351339,539.644959128727,60846800
2024-08-16,544.3687133789062,545.066001447727,541.3734256554437,541.5305297582873,44430700
2024-08-19,549.5736083984375,549.5736083984375,543.926732304356,544.7811244137845,39121800
2024-08-20,548.6798706054688,550.7815046393756,547.3344459997681,549.1218119588426,33732300
2024-08-21,550.5655517578125,552.0288197515467,544.7811716197107,549.7308200651719,41514600
2024-08-22,546.244384765625,553.0795814875313,545.0266332673548,552.4707057383962,56121500
2024-08-23,552.0484619140625,552.9912663344013,547.2952387130678,549.4951156938582,50639400
2024-08-26,550.7324829101562,553.7965224345438,549.023698553154,553.0796338099561,35788600
2024-08-27,551.4887084960938,551.9797412538522,548.3068258163023,549.455825686111,32693900
2024-08-28,548.287109375,551.5770644805714,545.085566530633,551.1449533002178,41066000
2024-08-29,548.336181640625,553.5706069059922,547.187181927915,550.2610513664456,38715200
2024-08-30,553.5706787109375,554.0813719563913,547.1479918630939,550.7128944546577,62700100
2024-09-03,542.1787109375,550.7521231432277,539.6547955357257,550.4181945160806,60600100
2024-09-04,541.0690307617188,544.4865997200234,539.6057626718821,540.3324815937721,47224900
2024-09-05,539.7529907226562,543.8678474559043,537.2879967926923,541.0100633006934,44264300
2024-09-06,530.6688842773438,541.7072905965744,529.7654008260863,540.0770882862281,68493800
2024-09-09,536.6103515625,537.8870845889743,532.9472666463545,534.8819667353457,40445800
2024-09-10,538.94775390625,539.301343073679,533.6348054347438,538.52547289514,36394600
2024-09-11,544.4766845703125,545.3998284478084,530.2760571886295,538.8592992301786,75248600
2024-09-12,549.06298828125,549.367426167289,542.8268368290717,545.0561445387712,51819600
2024-09-13,551.9305419921875,552.9322678030146,549.4164571619145,549.6718037364791,39310500
2024-09-16,552.7457885742188,553.010905507425,549.8585135220794,551.6654805282824,36656100
2024-09-17,552.9716186523438,556.4186780878246,550.73248057987,554.9651804135709,49321000
2024-09-18,551.33154296875,558.4907782007374,550.771758494403,553.6295424523687,59044900
2024-09-19,560.7396850585938,562.6056333019461,557.8917313519955,560.769175792154,75315500
2024-09-20,559.7703247070312,560.8145045179642,556.7362689807047,559.3664693612584,77503100
2024-09-23,561.169189453125,561.8193743965802,559.6226102686882,560.844157105768,44116900
2024-09-24,562.77490234375,562.8340046033333,559.1301026711176,561.9671313798626,46805700
2024-09-25,561.5335693359375,563.3559988273566,560.420426925455,562.6171906854096,38428600
2024-09-26,563.7599487304688,566.1340196278296,561.3957983542562,565.8089271560161,48336000
2024-09-27,562.9423217773438,565.651285439919,561.908002221962,564.8337142422162,42100900
2024-09-30,565.1981811523438,565.8089245059994,559.6029471264981,561.9079952356186,63557400
2024-10-01,560.1348876953125,565.4937128909536,557.5539888818164,564.8435880512217,72668800
2024-10-02,560.371337890625,561.3958572731079,556.8349422897517,559.2385345053339,38097800
2024-10-03,559.3468017578125,561.2972362765911,557.0515539848665,558.8936443913503,40846500
2024-10-04,564.4298095703125,564.804143911743,559.6226255139783,563.8092058002762,42939100
2024-10-07,559.3270874023438,563.425044167477,558.1745633665616,562.7748592374886,49964700
2024-10-08,564.616943359375,565.2178864241666,561.0313063853904,561.9079798048728,37398700
2024-10-09,568.5277099609375,569.0892114172115,564.0061772469245,564.6070601630827,37912200
2024-10-10,567.5328979492188,568.9612728349974,565.9173558697948,567.1782843584319,44138100
2024-10-11,570.9313354492188,571.6701437051296,567.3160570940822,567.4539823983677,42268000
2024-10-14,575.6005859375,576.5364217400751,572.0641306807273,572.54680911459,36217200
2024-10-15,571.1283569335938,576.1719497636773,569.9068101256781,575.8665780927906,54203600
2024-10-16,573.6107177734375,574.1328378005626,570.3205920106161,571.1283629185417,30725400
2024-10-17,573.6599731445312,577.3737353042621,573.4728059770134,577.1668473429936,34393700
2024-10-18,575.8665161132812,576.6545661348462,573.8865006017091,575.3542565433008,37416800
2024-10-21,574.9208984375,576.1226643625554,571.936084169767,575.1375866701346,36439000
2024-10-22,574.6156005859375,575.7779851974158,571.7194693931431,572.3794546970378,34183800
2024-10-23,569.364990234375,573.0295101570803,565.8482560008526,572.5862132138965,49314600
2024-10-24,570.596435546875,571.4042065299044,567.966294746531,571.3253834738008,34979900
2024-10-25,570.3994140625,575.7385789007061,569.4537778766561,572.8325874351422,47268200
2024-10-28,572.1627807617188,574.01473191773,571.8574090351626,573.8866669881053,30174700
2024-10-29,573.088623046875,574.2115658329249,569.7984373596124,571.1972307374274,42899700
2024-10-30,571.35498046875,574.615585559352,570.6456931929514,572.6158487794029,41435800
2024-10-31,560.1546020507812,567.0402856066526,559.957574484397,566.9713229521994,60182500
2024-11-01,562.518798828125,566.9615092751701,562.1050829916865,562.7946494686686,45667500
2024-11-04,561.3070678710938,563.9569290343258,559.4157357037399,562.6566193804057,38217000
2024-11-05,568.0943603515625,568.1337418174742,562.0065869653796,562.2232752144567,39478300
2024-11-06,582.2203369140625,583.0970705492409,576.6546836514896,580.4078275075276,68182000
2024-11-07,586.7221069335938,587.7466262080364,584.1510685994552,584.2298916492671,47233200
2024-11-08,589.2635498046875,590.6919242958828,587.2736738876694,587.2736738876694,46444900
2024-11-11,589.8251342773438,591.214067381988,588.0913879024889,590.8594538392326,37586800
2024-11-12,587.992919921875,590.3472099973874,585.5006444102133,589.7463270131273,43006100
2024-11-13,588.2786254882812,590.2881625954766,586.0819211903879,588.4559322808827,47388600
2024-11-14,584.4959106445312,588.8893794431573,583.8064042580049,588.406700922837,38904100
2024-11-15,577.00927734375,581.3928852443048,575.1474660138925,580.9200070517927,75988800
2024-11-18,579.3734741210938,580.6934445713057,576.6054081851684,577.4722212479682,37001700
2024-11-19,581.4913330078125,582.2202808592402,575.3149369393851,575.9847825359503,49412000
2024-11-20,581.6884155273438,581.9740664321081,575.9060139035164,581.5702110064499,50032600
2024-11-21,584.81103515625,586.2394097822103,578.6838809961135,584.5451050737219,46750300
2024-11-22,586.6237182617188,587.254182513623,584.2989489727497,584.8012881702188,38226400
2024-11-25,588.6134643554688,591.8937295695996,586.3182166457023,590.5737592167452,42441400
2024-11-26,591.68701171875,592.3568574158614,589.1454941294314,589.8645816922582,45621300
2024-11-27,589.89404296875,591.883858859544,588.3671846956962,591.4997242855515,34000200
2024-11-29,593.55859375,594.3466439350991,590.4359140778026,590.7117045866185,30177400
2024-12-02,594.6224975585938,595.3022036230897,593.4797736787345,593.9723125624453,31746000
2024-12-03,594.8982543945312,595.1445238224464,593.3517352966707,594.3860548690404,26906600
2024-12-04,598.5922241210938,598.8384935195138,595.9227023218134,596.5925478705923,42787600
2024-12-05,597.6072387695312,599.4000874816838,597.2526252109184,598.5923165152608,28762200
2024-12-06,598.7401123046875,599.9813199050982,597.9619225172376,598.3756383425828,31241500
2024-12-09,595.65673828125,598.7892779517493,595.0657157488416,598.6218315882949,34742700
2024-12-10,593.8047485351562,596.7599812519447,593.144763396562,596.3364051107953,37234500
2024-12-11,598.3953247070312,599.3508212217944,596.4645507592219,596.7404013764967,28677700
2024-12-12,595.31201171875,598.0997382660831,595.31201171875,597.5284365007215,31543800
2024-12-13,595.19384765625,598.0702578450652,593.8147147595496,597.3511703289549,35904700
2024-12-16,597.7352905273438,598.7105679786196,596.1789110129041,596.9571007701239,43695200
2024-12-17,595.2725830078125,596.1394561956839,593.8935102993782,595.1740992873428,55773500
2024-12-18,577.5313720703125,597.3609304879477,577.1471773446116,594.9671989364094,108248700
2024-12-19,577.35400390625,584.1510639445604,577.1077344863745,582.5355221203287,85919500
2024-12-20,584.2886352539062,588.8352196171104,574.1674387147792,575.0175026728227,125716700
2024-12-23,587.7874755859375,588.3903808785561,580.839043366224,584.0315939956688,57635800
2024-12-24,594.3207397460938,594.3603140779195,588.5583912679473,589.141569721849,33160100
2024-12-26,594.3604125976562,595.4871350336715,591.138241009476,592.5417425072483,41219100
2024-12-27,588.1038208007812,590.8416891446476,583.9031498920888,590.6044241129971,64969300
2024-12-30,581.3926391601562,584.8718026484725,577.6268633515982,581.0665128281782,56578800
2024-12-31,579.2774658203125,583.7845361057068,577.6366994322016,583.0629680945224,57052700
2025-01-02,577.8541259765625,584.2687872048679,573.7621642800276,582.5489929538754,50204000
2025-01-03,585.0792846679688,585.7217039617416,579.623335665357,580.7106042287589,37888500
2025-01-06,588.44970703125,592.7393596690575,586.7101255067332,589.3491785436146,47679400
2025-01-07,581.7977905273438,590.8119300798394,579.9692875636829,590.485743490446,60393100
2025-01-08,582.6477661132812,583.7251410015127,578.4075819613619,581.8669573794003,47304700
2025-01-10,573.7523193359375,579.148967552338,571.8348342474784,579.0797727939155,73105000
2025-01-13,574.6419067382812,574.9977137931114,568.6719735158341,569.0871420731995,47910100
2025-01-14,575.4326171875,578.2099995586356,571.6371609030458,577.5774134567713,48420600
2025-01-15,585.8997192382812,587.0462287462195,582.3612548768964,583.4781439602939,56900200
2025-01-16,584.7728881835938,587.4513947839769,584.0711073889483,587.2734912712623,43319700
2025-01-17,590.6439819335938,592.4032903303786,588.6968161028142,590.0311830207747,58070600
2025-01-21,596.0504150390625,596.0603086218102,591.721248666258,593.6980347606263,42532900
2025-01-22,599.401123046875,600.7651103716523,598.3336415912388,598.887139322545,48196000
2025-01-23,602.6727905273438,602.6727905273438,598.4919063404184,598.7686250834264,41152100
2025-01-24,600.9133911132812,603.6908339479075,599.756987948708,602.7320611640084,34604700
2025-01-27,592.4132080078125,592.7295010606359,587.7381276298589,587.9061375768574,70361100
2025-01-28,597.5034790039062,598.3435890966371,590.3178411060637,593.6487213775014,44433300
2025-01-29,594.8248901367188,597.1179695261326,592.2649252873389,596.7126945442042,37177400
2025-01-30,598.0173950195312,599.5592859855939,593.747529191958,596.9499738076877,39281300
2025-01-31,594.8347778320312,602.880312619884,594.0736957955036,600.4488437325783,66566900
2025-02-03,590.831787109375,593.3224968021361,583.6362560871698,585.7909458950113,65857200
2025-02-04,594.7952880859375,595.3092115270962,590.3475186916722,590.8911228856247,33457800
2025-02-05,597.2068481445312,597.35513123978,591.6323569254649,593.668444292325,30653100
2025-02-06,599.2825317382812,599.4110276717307,595.6353586638426,598.9563451128535,35771500
2025-02-07,593.796875,601.0714329168774,593.0852006783922,599.8458352634243,50788500
2025-02-10,597.82958984375,598.4720695404235,595.7440947156747,597.0191605249602,26048700
2025-02-11,598.2843017578125,598.8279059672569,595.4377244382205,595.5563267993089,30056700
2025-02-12,596.3568725585938,597.5330628123784,591.5631899435128,592.2451836255683,45076100
2025-02-13,602.6530151367188,602.8605994430849,596.1988383900767,597.4639504182094,40921300
2025-02-14,602.623291015625,603.8982964094444,602.0005985304107,602.8604957096632,26910400
2025-02-18,604.3925170898438,604.3925170898438,601.3186288745633,603.7896117473091,26749000
2025-02-19,605.8158569335938,606.1123628380831,602.4849765652367,602.9989603508419,31011100
2025-02-20,603.29541015625,604.5803091740476,599.9744236813096,604.4419196559093,36554000
2025-02-21,592.9765625,603.216300601011,592.5119863702242,603.0779110877393,76519800
2025-02-24,590.2783203125,596.0307759330515,589.5666458438759,595.0324891561768,50737200
2025-02-25,587.3427124023438,590.9503713867966,582.7170398838512,590.2189701372146,58266500
2025-02-26,587.6392822265625,592.620822655363,584.9903956410146,589.0131632782663,43321600
2025-02-27,578.2593383789062,591.0788275306367,577.864017357305,589.9223642338113,74196700
2025-02-28,587.283447265625,587.8171578604871,575.6797210871997,578.7635029554216,88744100
2025-03-03,576.9942626953125,590.4067643806418,573.1691862018861,589.2601945949107,74249200
2025-03-04,570.1644897460938,578.5955127414016,565.608011549554,572.9814465763258,109648200
2025-03-05,576.2925415039062,578.0914243818631,566.4283965915856,569.996481594424,71230500
2025-03-06,566.0626220703125,573.4359958315716,563.5026574515875,568.800429877349,80094900
2025-03-07,569.2353515625,570.6883208259039,559.0648080255879,564.2736590980126,81158800
2025-03-10,554.073486328125,562.9294509409499,549.1414138289008,561.0021324297065,99326600
2025-03-11,549.467529296875,557.4735503902486,545.6128320238284,552.9071786453155,88102100
2025-03-12,552.3832397460938,556.574016783005,547.2633707942651,555.6449248680879,69588200
2025-03-13,545.019775390625,552.6205217060727,543.2999808309211,552.00772273254,74079400
2025-03-14,556.2775268554688,557.2857071377122,545.0889095501292,549.655280917059,62660300
2025-03-17,560.567138671875,563.0974224498057,555.8228038023716,556.2576991545186,49008700
2025-03-18,554.5083618164062,558.4619345411708,552.571089463648,558.244456671408,66041400
2025-03-19,560.54736328125,564.3230320254004,555.1112014285828,556.2972851708735,66556000
2025-03-20,558.9264526367188,563.9475069089323,556.0699818531248,556.7915499004863,62958200
2025-03-21,559.11083984375,560.0130172119408,553.2122577806573,554.4514658625183,83763000
2025-03-24,569.1236572265625,570.1844265679264,565.2771506364932,565.8719462913679,58766800
2025-03-25,570.4917602539062,571.4335099767462,568.7370222712309,570.3331077369899,38355700
2025-03-26,563.6810302734375,571.3541962868256,562.2930931538029,570.2240241043976,51848300
2025-03-27,562.18408203125,565.971108987233,560.062543386952,562.2831944691987,42164200
2025-03-28,550.8626708984375,561.3811152230641,550.2777985606353,560.6475137101825,71662700
2025-03-31,554.5604858398438,555.869096797962,542.1485586831927,545.0830251203251,95328200
2025-04-01,556.1267700195312,558.0797932554686,548.8997308809147,552.6372015020189,54609600
2025-04-02,559.6461791992188,562.5211054527999,550.019989677278,550.2579079318416,76014500
2025-04-03,532.06640625,543.2390654249921,532.06640625,540.4037717910755,125986000
2025-04-04,500.9176330566406,521.3298644038904,500.69953122991006,519.1488461365848,217965100
2025-04-07,500.025390625,518.653143533525,477.6403203280687,484.9665325599909,256611400
2025-04-08,492.1936340332031,520.4475480659574,484.93682423959376,517.3544895320528,165816600
2025-04-09,543.8834838867188,543.8834838867188,488.7932402716448,489.17988772825765,241867300
2025-04-10,520.0510864257812,528.8940591891369,504.9228230551959,527.5755247234605,162331200
2025-04-11,529.3302001953125,531.7986929533369,515.5799524923516,518.4945722506925,97866300
2025-04-14,534.4654541015625,539.580938661594,529.2508571038156,539.3528832417228,68034000
2025-04-15,532.9684448242188,538.5399188279399,532.175363851926,535.0106570692674,56892900
2025-04-16,521.1217041015625,533.2461579222,515.7980706703437,527.0897499812648,83484800
2025-04-17,521.8651733398438,526.5840872057769,519.3867572764926,523.0845951885916,79868100
2025-04-21,509.443359375,517.1958517151049,504.0701402922449,516.6604751455176,69368100
2025-04-22,522.697998046875,524.7302873126982,514.7075863102422,515.6493966065633,75948100
2025-04-23,530.79736328125,540.7209502963145,529.2706808590098,535.7641184612734,90590700
2025-04-24,541.9701538085938,542.7037553366079,530.8272040401201,532.086198348384,64150400
2025-04-25,545.885986328125,546.2924199116221,538.9959780328687,541.9304442378503,61119600
2025-04-28,546.0941772460938,548.770878725811,540.3145544882295,546.6295538469604,47613800
2025-04-29,549.5341796875,550.6544284573699,543.8139767217216,544.1708540710082,47775100
2025-04-30,549.7523803710938,551.7153272696712,536.8448291409326,542.8425846178815,93101500
2025-05-01,553.6483764648438,559.2000647311057,553.0436574695955,555.5319968692943,63186100
2025-05-02,561.8668212890625,563.4728299899488,557.52463168794,559.8543184862792,60717300
2025-05-05,558.6448974609375,561.7578025218996,556.850526672483,557.7130106117388,38659200
2025-05-06,553.9755249023438,558.486229861133,552.151444635027,553.1130409863903,48264700
2025-05-07,556.3052978515625,558.9522292842823,551.239369394788,555.3139314189718,55588000
2025-05-08,560.1815185546875,565.3861923682981,556.850541835946,560.3599572530266,65130800
2025-05-09,559.4677734375,562.6004648206437,557.9013974918248,561.5892516710271,37603400
2025-05-12,577.9567260742188,577.9666494201874,572.0580835025086,576.4498296839446,78993600
2025-05-13,581.7734985351562,583.9941496422729,577.8080328415324,578.3730584556538,67947200
2025-05-14,582.5170288085938,583.8949821637985,580.4846792150129,582.7351003798474,66283500
2025-05-15,585.3622436523438,585.8677897044162,580.0484736048338,580.5045239452851,71268100
2025-05-16,589.0699462890625,589.3673441171694,584.1924403834937,586.1454032115668,76052100
2025-05-19,589.7142944335938,590.3983396880136,583.0225710566098,583.0225710566098,68168500
2025-05-20,587.7315673828125,588.9212192076606,584.5096264657933,587.9695461543464,60614500
2025-05-21,577.827880859375,587.4639949903343,576.7968814516564,583.3597230362551,95197700
2025-05-22,578.0558471679688,581.5553390131786,576.3902984080268,577.629506378804,70860400
2025-05-23,574.1102294921875,576.7869310981343,570.6305234552773,571.0072475595028,76029000
2025-05-27,586.0463256835938,586.2049176986301,573.4361124467979,581.0101669642168,72588500
2025-05-28,582.65576171875,587.6522871583933,581.9221602554891,586.452712017421,68445500
2025-05-29,584.9557495117188,588.0785779673218,581.0101304856973,587.9397721452495,69973300
2025-05-30,584.3014526367188,586.026420478472,578.2045251191539,583.8454023131852,90601200
2025-06-02,587.5928344726562,587.6721002233023,580.008856873824,582.6855584091887,61630500
2025-06-03,590.9436645507812,591.9251076728165,586.7402198994458,587.226040295674,63606200
2025-06-04,590.7849731445312,592.7875526407612,590.3487695069823,591.8061095833268,57314200
2025-06-05,587.9298095703125,593.8284515327539,585.9470768439928,592.4702844558809,92278700
2025-06-06,593.96728515625,595.6426968087642,591.7069406984755,593.4913881340742,66588700
2025-06-09,594.5026245117188,596.0590770966814,593.322896017802,594.5422573867003,53016400
2025-06-10,597.873291015625,598.2598779419187,593.9177485918233,595.0379370041686,66247000
2025-06-11,596.1681518554688,599.8362200559476,594.0962297274801,598.9737360301211,73658200
2025-06-12,598.5374755859375,598.5374755859375,594.3440149953893,594.8297748594797,64129000
2025-06-13,591.8457641601562,596.6538671866508,590.338867810054,593.3328138188501,89506000
2025-06-16,597.4766845703125,599.2314224312138,595.0379014846701,595.2164006808653,79984100
2025-06-17,592.3711547851562,596.5546916720157,591.6077833451126,595.0280093001275,82209400
2025-06-18,592.281982421875,596.0293161899417,591.3203254879343,593.2733488854554,76605000
2025-06-20,590.8909301757812,596.041382049652,589.4789845501997,594.9675241520906,94051400
2025-06-23,596.7274780273438,597.1152078061239,588.5145735944315,591.6465733053511,87426000
2025-06-24,603.3196411132812,604.3834856367664,599.9688039561656,600.8836010096178,67735300
2025-06-25,603.65771484375,605.1392079707367,602.086708265907,604.4431877891288,62114800
2025-06-26,608.380615234375,608.8181084243395,604.9005750782753,605.517034479532,78548400
2025-06-27,611.4032592773438,612.8748603878714,607.3465704310272,609.3848675360332,86258400
2025-06-30,614.3265380859375,615.6887204777686,611.5325652115941,613.8592475033348,92502500
2025-07-01,614.127685546875,615.3009489521946,612.0098276707645,612.8450033281383,70030100
2025-07-02,616.9116821289062,616.9514321677677,613.0935543503272,613.7199664131181,66510400
2025-07-03,621.7738037109375,622.7084454552534,618.880365032573,618.9002703953504,51065800
2025-07-07,617.140380859375,620.471312902668,614.3464081455963,619.8050900817584,74814500
2025-07-08,616.8023681640625,618.5622329876766,615.9870371559156,617.8065573856337,59024600
2025-07-09,620.5010986328125,621.1573080723725,617.3690382262929,619.2184771119485,66113300
2025-07-10,622.2510986328125,623.2950985850023,619.4571258490619,620.6403419781,57529000
2025-07-11,620.0635986328125,621.2965174183169,617.9855515244625,619.1886122649546,63670200
2025-07-14,621.2467651367188,621.5947448449341,618.2539211725837,619.6061506560952,51898500
2025-07-15,618.592041015625,624.2793915612978,618.5124802515571,623.9413645164026,74317300
2025-07-16,620.66015625,621.1672575214722,614.5253596449445,620.1829130237127,88987500
2025-07-17,624.4583740234375,624.8163671275224,620.6204015046147,620.8391784397268,68885700
2025-07-18,624.0010375976562,625.8802131347736,622.8874296174818,625.7111996075373,65621600
2025-07-21,625.1842651367188,627.9384270926762,624.7567246264017,625.1842651367188,63375000
2025-07-22,625.2737426757812,626.1387764125508,622.6189860590433,625.5123643014988,60046300
2025-07-23,630.59326171875,630.59326171875,626.1387689061065,627.9483971288857,70511000
2025-07-24,630.802001953125,632.5221773472229,630.3744614468128,630.9809681636451,71307100
2025-07-25,633.4667358398438,633.9440397736063,631.2196750953526,631.4682494008442,56865400
2025-07-28,633.3076782226562,634.4013808975731,631.9156378299562,633.8445768779104,54917100
2025-07-29,631.63720703125,635.0277335557481,630.7224706603868,634.7095511904303,60556300
2025-07-30,630.841796875,634.0434045947875,627.9384054781906,632.2934318863223,80418900
2025-07-31,628.4754028320312,636.2010509521909,627.1728759033415,635.8133211591798,103385200
2025-08-01,618.1743774414062,622.7680859762785,615.7582427178595,622.7282752516747,140103600
2025-08-04,627.5704956054688,627.6201983240026,622.0124086950358,622.1018614509808,73218000
2025-08-05,624.3887329101562,629.0022861088522,623.4640438716077,628.1869551885334,68051400
2025-08-06,629.17138671875,629.8275961427472,624.5478806448895,625.462617040701,64357500
2025-08-07,628.6443481445312,633.347354057562,625.5222406525087,632.6115839056886,74205800
2025-08-08,633.5462646484375,634.0136158764692,630.125879949944,630.4440623273716,64051600
2025-08-11,632.29345703125,635.3062066703783,631.0406328520911,633.824713555593,58742300
2025-08-12,639.02490234375,639.1839632015094,633.1585242910344,634.6499701667667,64730800
2025-08-13,641.2123413085938,642.5049155421342,639.0149226306152,641.2321859855442,60092800
2025-08-14,641.27197265625,641.9381347685223,638.6768716045066,639.1242567818475,59327500
2025-08-15,639.7706298828125,642.4055418903916,638.8558933981693,642.3060757523746,68592500
2025-08-18,639.63134765625,640.327367802147,638.5177396976476,639.1938544805789,43804900
2025-08-19,636.1612548828125,640.4367204754008,634.8388226855677,639.4523760102862,69750700
2025-08-20,634.470947265625,636.0120957287904,629.3404006137462,635.7536294439067,88890300
2025-08-21,631.925537109375,634.3317192031022,630.1954697904521,632.6514152909955,54805800
2025-08-22,641.6299438476562,642.8131599802851,633.6159105915494,634.1230118894028,84083200
2025-08-25,638.8060302734375,641.6099553847616,638.6867194761113,640.3670840067143,51274300
2025-08-26,641.4807739257812,641.8288143683822,637.9112808564007,638.5376929659955,51581600
2025-08-27,642.9423828125,643.6781530071313,640.7449642231398,640.8941330732226,48341100
2025-08-28,645.2192993164062,645.7761033013204,641.6597591604225,643.548887361664,61519500
2025-08-29,641.3713989257812,644.1455269630451,639.472317969575,643.777581165663,74522200
2025-09-02,636.61865234375,636.8373685858147,631.2991262066306,633.8644298326893,81983500
2025-09-03,640.06884765625,640.5361988813526,636.8075845104526,639.0049424066366,70820900
2025-09-04,645.4181518554688,645.4480098993379,639.8401594892221,640.7449431803722,65219200
2025-09-05,643.5488891601562,648.4905776412766,639.6612139364762,647.7646994415851,85178900
2025-09-08,645.1298217773438,646.1340715853498,643.5389099622073,644.9209975333657,63133100
2025-09-09,646.6212768554688,647.148222783044,643.5289666240282,645.2689866211995,66133900
2025-09-10,648.4906005859375,650.8172220560821,646.9195940128865,649.8925329397852,78034500
2025-09-11,653.8796997070312,654.5757199134183,649.8627606991871,650.4493620868353,69934400
2025-09-12,653.660888671875,655.3512060315065,653.1538480823614,653.8498075653706,72780100
2025-09-15,657.1409301757812,657.2701936656516,655.5799369896564,655.8782140097094,63772400
2025-09-16,656.2361450195312,658.0060231465056,655.450672087237,657.6977327581834,61169000
2025-09-17,655.4208374023438,657.9463305061431,650.5686620900484,656.2461210913638,101952200
2025-09-18,658.4832763671875,661.0982828700095,656.5046346401509,658.1153912564865,90459200
2025-09-19,661.74462890625,662.5921003065068,658.4244226642126,660.3786700487054,97945600
2025-09-22,664.8753662109375,665.3239917254978,660.2190812650523,660.2490220888672,69452200
2025-09-23,661.256103515625,665.3739407705357,660.0296859026699,664.7557113987294,81708900
2025-09-24,659.1522216796875,662.6518901422049,657.7264420940938,662.5522091075384,68082200
2025-09-25,656.1112670898438,657.4672457066506,652.4819765077987,656.0016057727498,89622100
2025-09-26,659.8701782226562,660.4185456623683,655.9417836675868,657.5669862915963,69179200
2025-09-29,661.7246704101562,663.3199930316334,659.9100251593522,662.4026597035332,73499000
2025-09-30,664.21728515625,664.6859320813617,659.6607420426623,660.976860345401,86288000
2025-10-01,666.4806518554688,667.3979243492374,661.1065170498754,661.2161783670498,72545400
2025-10-02,667.248291015625,668.5943501107935,664.8155382515555,668.4747085274895,56896000
2025-10-03,667.2384033203125,670.6981508367895,666.1914481336265,668.0160736487628,70494400
2025-10-06,669.6312866210938,670.5286593813627,667.4876574687494,669.6412668959266,54623300
2025-10-07,667.1486206054688,671.0072138668005,665.7028804529681,670.5585274945992,72020100
2025-10-08,671.1268920898438,671.2266339865188,667.4477610054765,668.2753327277967,60702200
2025-10-09,669.1826171875,671.9544560264949,667.2384109165724,671.5456907353398,66501900
2025-10-10,651.0960693359375,671.9643973425017,650.9166069608107,670.1497521868876,159422600
2025-10-13,661.0865478515625,663.170417127303,657.8262232173948,658.7036354539871,79560500
2025-10-14,660.2789306640625,663.8683609233883,651.2456255038628,655.2338407773344,88779600
2025-10-15,663.2102661132812,668.2553559603689,656.988660072404,664.855429242796,81702600
2025-10-16,658.6936645507812,666.7398963555108,655.1740352792065,664.8554499895176,110563300
2025-10-17,662.4326171875,663.7985760836355,656.2010306703355,657.5570092911896,96500900
2025-10-20,669.3222045898438,670.2295576279439,665.3041094156895,665.3539499346838,60493400
2025-10-21,669.3121948242188,671.0071983826805,668.0060568363804,669.4617772299453,56249000
2025-10-22,665.83251953125,670.0201576878661,661.3457774038759,670.0201576878661,80564000
2025-10-23,669.7808837890625,670.7280970890292,665.8325287543602,666.1515932793667,65604500
2025-10-24,675.2546997070312,676.4710761570719,673.6594379369009,674.4670490970213,74356500
2025-10-27,683.2211303710938,683.5202343374859,680.1103274099472,680.7185156175003,63339800
2025-10-28,685.0357666015625,686.8802917495992,682.8123561492805,685.0257863269245,61738100
2025-10-29,685.3648071289062,687.6679989086465,680.8581046045199,686.6908448301914,85657100
2025-10-30,677.8270874023438,683.919071384824,677.8270874023438,681.8851035842282,76335800
2025-10-31,680.050537109375,683.0616591685175,677.2388379885472,683.0217380676526,87164100
2025-11-03,681.3267822265625,683.7794956694769,677.9367749059246,683.6498738048132,57315000
2025-11-04,673.2506103515625,677.9567360174515,672.5925816080086,674.1180423048241,78427000
2025-11-05,675.583740234375,678.8540450990596,672.1837526501265,672.9913638051393,74402400
2025-11-06,668.3351440429688,675.384321857154,666.7498016918889,674.4769688014325,85035300
2025-11-07,668.9931640625,669.1028862313885,659.2619700189845,665.9421818455136,100592400
2025-11-10,679.432373046875,680.1701831536659,673.0412846911101,675.2447347362015,75842900
2025-11-11,680.9877319335938,681.5560598909952,676.7302928180768,677.9467300747958,58953400
2025-11-12,681.3666381835938,682.9420002443612,678.9438047256676,682.7724572806613,62312500
2025-11-13,670.0599975585938,678.8540191634994,668.5445172010542,678.4950944095032,103457800
2025-11-14,669.9503784179688,673.669369761962,661.3159189526839,663.4196879466924,96846700
2025-11-17,663.7088012695312,671.7251529532939,660.2191128892804,667.7269573864955,90456100
2025-11-18,658.1353149414062,663.1604443809363,653.9277160969795,660.1493223141129,114467500
2025-11-19,660.6777954101562,665.3739409367662,656.8092216159307,658.8332701356088,94703000
2025-11-20,650.6075439453125,673.5696612658603,649.969414909385,670.9274443593279,165293500
2025-11-21,657.08837890625,662.5920743656175,648.9324254696204,653.1200634979649,123956200
2025-11-24,666.759765625,668.0858642133718,659.6408477705503,660.7375826041805,80437900
2025-11-25,673.03125,674.2177464111714,662.5222643995295,666.6600618545837,81077100
2025-11-26,677.6775512695312,679.6916195137131,674.7262499751725,675.6336030547216,71879600
2025-11-28,681.3765869140625,681.6557303234264,678.4950869285864,678.8540116786253,49212000
2025-12-01,678.2658081054688,680.9777652313311,676.7402865806703,676.8100876493213,61201200
2025-12-02,679.5220947265625,681.8053259843603,677.3285642303521,679.91089945233,62953800
2025-12-03,681.8751220703125,682.8920755410956,677.6874840363832,678.5648962284573,57238500
2025-12-04,682.3736572265625,683.3507504660292,679.3326553413237,683.2809493981625,61970300
2025-12-05,683.6697998046875,686.3618571461667,682.5630847287977,683.4504163312143,79241000
2025-12-08,681.6159057617188,684.6170474876437,679.5619773329797,684.5672069678625,55231500
2025-12-09,681.027587890625,683.3707007727439,680.5789623765876,681.1373100558188,58310100
2025-12-10,685.5443115234375,686.9401503769751,679.3027447895911,680.5490620813229,85671300
2025-12-11,687.1395263671875,687.2193077079016,680.1601500103427,683.1214313379483,86173700
2025-12-12,679.7514038085938,686.8504219479569,677.1690077077839,686.1424918468441,113160300
2025-12-15,678.7244262695312,683.7396361862291,677.2488060921288,683.7196756361553,90811000
2025-12-16,676.8699340820312,679.0734449717613,672.9913800472318,677.2288588584025,122030600
2025-12-17,669.4219360351562,678.4352803496147,669.2225131069573,677.8869129385677,110625200
2025-12-18,674.4769287109375,678.7343677454887,672.9116078583543,675.603604329658,108650100
2025-12-19,680.5900268554688,681.0900268554688,676.469970703125,676.5900268554688,103599500
2025-12-22,684.8300170898438,685.3599853515625,680.5900268554688,683.9400024414062,69556700
2025-12-23,687.9600219726562,688.2000122070312,683.8699951171875,683.9199829101562,64840000
2025-12-24,690.3800048828125,690.8300170898438,687.7999877929688,687.9500122070312,39445600
2025-12-26,690.3099975585938,691.6599731445312,689.27001953125,690.6400146484375,41613300
2025-12-29,687.8499755859375,689.2000122070312,686.0700073242188,687.5399780273438,62559500
2025-12-30,687.010009765625,688.5599975585938,686.5800170898438,687.4500122070312,47160700
2025-12-31,681.9199829101562,687.3599853515625,681.7100219726562,687.1400146484375,74144800
2026-01-02,683.1699829101562,686.8699951171875,679.8200073242188,685.7100219726562,89377200
2026-01-05,687.719970703125,689.4299926757812,686.3800048828125,686.5399780273438,71927200
2026-01-06,691.8099975585938,692.3200073242188,687.780029296875,687.9299926757812,69273800
2026-01-07,689.5800170898438,693.9600219726562,689.3200073242188,692.1900024414062,75588300
2026-01-08,689.510009765625,690.6199951171875,687.489990234375,688.8200073242188,64019200
2026-01-09,694.0700073242188,695.3099975585938,689.1799926757812,690.6300048828125,80125500
2026-01-12,695.1599731445312,696.0900268554688,690.6300048828125,690.6799926757812,63976000
2026-01-13,693.77001953125,696.0900268554688,691.3499755859375,695.489990234375,78309700
2026-01-14,690.3599853515625,691.719970703125,686.0399780273438,691.0,94676700
2026-01-15,692.239990234375,695.4500122070312,691.25,694.5700073242188,77862000
2026-01-16,691.6599731445312,694.25,690.0999755859375,693.6599731445312,79289200
2026-01-20,677.5800170898438,684.77001953125,676.5700073242188,681.489990234375,111623300
2026-01-21,685.4000244140625,688.739990234375,678.1300048828125,679.6500244140625,127844500
2026-01-22,688.97998046875,691.1300048828125,686.9199829101562,689.8499755859375,77112200
2026-01-23,689.22998046875,690.9600219726562,687.1599731445312,688.1500244140625,63059600
2026-01-26,692.72998046875,694.1300048828125,689.9199829101562,690.489990234375,60473800
2026-01-27,695.489990234375,696.530029296875,693.5700073242188,694.1799926757812,55506100
2026-01-28,695.4199829101562,697.8400268554688,693.9400024414062,697.0499877929688,60373971
